0,0,5.0,3,0,0,0,0,9,0,0,9,0,-1,0,0,0,2,0,0,0,0,-1,0,69,0,3,3.4317449298062845,0
1,0,4.0,24,0,0,0,0,11,0,0,5,0,-1,0,0,0,2,0,0,0,0,-1,0,69,0,6,27.51541754006903,0
2,0,3.0,8,0,0,0,0,2,0,0,10,0,-1,0,0,0,2,0,0,0,0,-1,0,69,0,7,9.285035570327963,0
3,0,4.0,61,0,0,0,0,10,0,0,10,0,-1,0,0,0,2,0,0,0,0,-1,0,69,0,6,63.341155423917726,0
4,0,4.5,9,0,0,0,1,6,0,0,10,0,-1,0,0,0,2,0,0,0,0,-1,0,69,0,4,9.632404333571863,0
5,0,4.5,8,0,0,0,0,9,2,0,5,0,-1,0,0,0,2,0,0,0,0,-1,0,69,0,5,9.80174885451996,0
6,0,3.5,65,0,0,0,0,11,1,0,5,0,-1,0,0,0,2,0,0,0,0,-1,0,69,0,5,71.24880666723293,0
7,0,4.5,11,0,0,0,0,11,2,0,8,0,-1,0,0,0,2,0,0,0,0,-1,0,69,0,7,11.037919976724488,0
8,0,4.5,18,0,0,0,0,11,0,0,5,0,-1,0,0,0,2,0,0,0,0,-1,0,69,0,6,20.31802378137432,0
9,0,4.0,141,0,0,0,0,10,0,0,14,1,-1,0,0,0,2,0,0,0,0,-1,0,69,0,8,141.21401563755882,0
10,0,5.0,3,0,0,0,1,13,0,0,77,0,-1,0,0,0,2,0,0,0,0,-1,0,69,0,14,3.0027534957009605,0
11,0,4.5,2,0,0,0,0,10,0,0,44,1,-1,0,0,0,2,0,0,0,0,-1,0,69,0,13,2.280933283065814,0
12,0,5.0,2,0,0,0,1,6,3,0,33,0,-1,0,0,0,2,0,0,0,0,-1,0,69,0,2,2.230226036355933,0
13,0,5.0,1,0,0,0,0,11,0,0,240,0,-1,0,0,0,2,0,0,0,0,-1,0,69,0,8,1.1835437569542893,0
14,0,4.0,95,0,0,0,0,11,0,0,18,0,-1,0,0,0,2,0,0,0,0,-1,0,69,0,3,105.07762366529029,0
15,0,5.0,11,0,0,0,0,10,1,0,36,1,-1,0,0,0,1,0,0,0,0,-1,0,69,0,14,12.759711111134674,0
16,0,4.0,20,0,0,0,0,12,0,0,5,0,-1,0,0,0,2,0,0,0,0,-1,0,69,0,6,23.79616979602504,0
17,0,4.5,25,0,0,0,0,12,0,0,12,0,-1,0,0,0,2,0,0,0,0,-1,0,69,0,5,29.3880012211075,0
18,0,4.5,89,0,0,0,0,10,0,0,113,0,-1,0,0,0,2,0,0,0,0,-1,0,69,0,6,105.72875827499404,0
19,0,4.5,2,0,0,0,0,9,0,0,36,0,-1,0,0,0,2,0,0,0,0,-1,0,69,0,2,2.2561689221830816,0
20,0,4.5,23,0,0,0,0,11,0,0,5,0,-1,0,0,0,2,0,0,0,0,-1,0,69,0,2,27.06936170736152,0
21,0,5.0,2,0,0,0,0,10,1,0,29,0,-1,0,0,0,2,0,0,0,0,-1,0,69,0,10,2.470127388213581,0
22,0,4.5,22,0,0,0,2,9,0,0,62,0,-1,0,0,0,2,0,0,0,0,-1,0,69,0,7,25.62756478159604,0
23,0,5.0,4,0,0,0,0,13,0,0,32,0,-1,0,0,0,2,0,0,0,0,-1,0,69,0,3,4.162548149989775,0
24,0,5.0,1,0,0,0,0,9,1,0,63,0,-1,0,0,0,2,0,0,0,0,-1,0,69,0,13,1.0644115114672592,0
25,0,4.5,10,0,0,0,0,12,1,0,5,0,-1,0,0,0,2,0,0,0,0,-1,0,69,0,6,10.685969778252339,0
26,0,4.0,26,0,0,0,0,7,0,0,49,0,-1,0,0,0,2,0,0,0,0,-1,0,69,0,6,32.6311290154934,0
27,0,-1.0,0,0,0,0,0,12,3,0,88,0,-1,0,0,0,2,0,0,0,0,-1,0,69,0,4,-1.0,0
28,0,4.5,11,0,0,0,0,11,1,0,5,0,-1,0,0,0,2,0,0,0,0,-1,0,69,0,6,14.1715232610805,0
29,0,5.0,3,0,0,0,0,9,0,0,5,0,-1,0,0,0,2,0,0,0,0,-1,0,69,0,6,3.6607877966753044,0
30,0,4.5,46,0,0,0,0,8,1,0,105,0,-1,0,0,0,2,0,0,0,0,-1,0,69,0,7,57.320598429288246,0
31,0,-1.0,0,0,0,0,0,9,0,0,44,0,-1,0,0,0,2,0,0,0,0,-1,0,69,0,12,-1.0,0
32,0,4.0,49,0,0,0,0,11,4,0,5,0,-1,0,0,0,2,0,0,0,0,-1,0,69,0,1,57.72230158701582,0
33,0,4.0,55,0,0,0,0,6,1,0,5,0,-1,0,0,0,2,0,0,0,0,-1,0,69,0,8,66.70885106233665,0
34,0,4.5,48,0,0,0,0,11,0,0,64,0,-1,0,0,0,2,0,0,0,0,-1,0,69,0,5,51.26026247694577,0
35,0,4.5,7,0,0,0,0,10,0,0,5,0,-1,0,0,0,2,0,0,0,0,-1,0,69,0,6,8.135221985199852,0
36,0,-1.0,0,0,0,0,0,13,5,0,5,0,-1,0,0,0,2,0,0,0,0,-1,0,69,0,10,-1.0,0
37,0,4.0,13,0,0,0,0,10,2,0,5,0,-1,0,0,0,2,0,0,0,0,-1,0,69,0,5,16.616484224097462,0
38,0,4.0,19,0,0,0,0,11,1,0,5,0,-1,0,0,0,2,0,0,0,0,-1,0,69,0,6,23.801987170889692,0
39,0,4.5,18,0,0,0,0,7,0,0,6,0,-1,0,0,0,2,0,0,0,0,-1,0,69,0,10,20.334478411588833,0
40,0,4.0,6,0,0,0,0,7,2,0,5,0,-1,0,0,0,2,0,0,0,0,-1,0,69,0,5,6.124676211600176,0
41,0,-1.0,0,0,0,0,0,12,0,0,5,0,-1,0,0,0,1,0,0,0,0,-1,0,69,0,9,-1.0,0
42,0,4.0,153,0,0,0,0,11,0,0,10,0,-1,0,0,0,2,0,0,0,0,-1,0,69,0,2,157.39587032293312,0
43,0,4.0,15,0,0,0,0,11,0,0,5,0,-1,0,0,0,2,0,0,0,0,-1,0,69,0,3,19.3893522081341,0
44,0,4.5,111,0,0,0,1,11,1,0,102,1,-1,0,0,0,2,0,0,0,0,-1,0,69,0,12,119.739017067003,0
45,0,4.5,29,0,0,0,0,5,0,0,60,0,-1,0,0,0,2,0,0,0,0,-1,0,69,0,6,34.827120347737704,0
46,0,4.5,29,0,0,0,0,10,0,0,55,1,-1,0,0,0,2,0,0,0,0,-1,0,69,0,11,31.363541783786218,0
47,0,4.5,15,0,0,0,0,8,1,0,7,0,-1,0,0,0,2,0,0,0,0,-1,0,69,0,9,16.72718600819616,0
48,0,-1.0,0,0,0,0,0,11,1,0,5,0,-1,0,0,0,2,0,0,0,0,-1,0,69,0,13,-1.0,0
49,0,4.5,12,0,0,0,1,7,1,0,54,0,-1,0,0,0,2,0,0,0,0,-1,0,69,0,14,12.549685129313266,0
50,0,4.5,22,0,0,0,0,12,0,0,64,0,-1,0,0,0,2,0,0,0,0,-1,0,69,0,5,25.155212565820587,0
51,0,5.0,4,0,0,0,0,5,1,0,6,0,-1,0,0,0,2,0,0,0,0,-1,0,69,0,11,4.769436148588009,0
52,0,-1.0,0,0,0,0,0,7,1,0,50,0,-1,0,0,0,0,0,0,0,0,-1,0,69,0,12,-1.0,0
53,0,-1.0,0,0,0,0,1,9,0,0,32,0,-1,0,0,0,1,0,0,0,0,-1,0,69,0,12,-1.0,0
54,0,4.0,120,0,0,0,0,11,0,0,5,0,-1,0,0,0,2,0,0,0,0,-1,0,69,0,4,146.09785686262967,0
55,0,-1.0,0,0,0,0,0,12,1,0,5,0,-1,0,0,0,2,0,0,0,0,-1,0,69,0,8,-1.0,0
56,0,-1.0,0,0,0,0,0,2,1,0,12,0,-1,0,0,0,2,0,0,0,0,-1,0,69,0,8,-1.0,0
57,0,5.0,1,0,0,0,2,13,0,0,259,0,-1,0,0,0,2,0,0,0,0,-1,0,69,0,7,1.185141884959333,0
58,0,5.0,13,0,0,0,0,7,0,0,6,0,-1,0,0,0,2,0,0,0,0,-1,0,69,0,10,13.225971005629559,0
59,0,4.5,124,0,0,0,0,12,0,0,53,1,-1,0,0,0,2,0,0,0,0,-1,0,69,0,15,155.82046430259467,0
60,0,4.5,42,0,0,0,0,6,0,0,5,0,-1,0,0,0,2,0,0,0,0,-1,0,69,0,7,42.56809245472022,0
61,0,5.0,1,0,0,0,2,11,0,0,65,0,-1,0,0,0,2,0,0,0,0,-1,0,69,0,12,1.1984748779016552,0
62,0,5.0,1,0,0,0,0,10,1,0,5,0,-1,0,0,0,2,0,0,0,0,-1,0,69,0,6,1.166505532132458,0
63,0,5.0,16,0,0,0,0,10,1,0,5,0,-1,0,0,0,2,0,0,0,0,-1,0,69,0,6,16.502121409873165,0
64,0,3.0,3,0,0,0,0,9,0,0,38,0,-1,0,0,0,2,0,0,0,0,-1,0,69,0,9,3.6391780844624373,0
65,0,4.5,12,0,0,0,0,10,1,0,78,1,-1,0,0,0,2,0,0,0,0,-1,0,69,0,14,13.686315099750818,0
66,0,5.0,47,0,0,0,0,5,0,0,6,0,-1,0,0,0,2,0,0,0,0,-1,0,69,0,9,55.6859978893103,0
67,0,4.5,33,0,0,0,0,11,1,0,48,1,-1,0,0,0,2,0,0,0,0,-1,0,69,0,9,37.642368396061514,0
68,0,3.5,4,0,0,0,0,7,0,0,18,0,-1,0,0,0,2,0,0,0,0,-1,0,69,0,4,4.138421403529833,0
69,0,4.0,1,0,0,0,1,6,1,0,136,0,-1,0,0,0,2,0,0,0,0,-1,0,69,0,18,1.1176946663417335,0
70,0,4.5,15,0,0,0,0,11,0,0,78,0,-1,0,0,0,2,0,0,0,0,-1,0,69,0,4,15.570209899554541,0
71,0,5.0,6,0,0,0,1,9,1,0,77,0,-1,0,0,0,2,0,0,0,0,-1,0,69,0,12,6.713616026017472,0
72,0,4.0,86,0,0,0,0,12,2,0,47,0,-1,0,0,0,2,0,0,0,0,-1,0,69,0,4,102.7981413561668,0
73,0,-1.0,0,0,0,0,0,11,2,0,36,0,-1,0,0,0,2,0,0,0,0,-1,0,69,0,7,-1.0,0
74,0,4.5,35,0,0,0,0,10,1,0,10,0,-1,0,0,0,2,0,0,0,0,-1,0,69,0,12,45.11786449459621,0
75,0,-1.0,0,0,0,0,0,9,6,0,61,0,-1,0,0,0,2,0,0,0,0,-1,0,69,0,13,-1.0,0
76,0,4.0,49,0,0,0,0,10,0,0,5,0,-1,0,0,0,2,0,0,0,0,-1,0,69,0,6,49.03527473831529,0
77,0,5.0,47,0,0,0,1,11,1,0,143,0,-1,0,0,0,2,0,0,0,0,-1,0,69,0,7,47.62503766114054,0
78,0,5.0,1,0,0,0,0,11,1,0,106,0,-1,0,0,0,2,0,0,0,0,-1,0,69,0,16,1.0773209295028088,0
79,0,4.5,8,0,0,0,0,12,2,0,42,1,-1,0,0,0,2,0,0,0,0,-1,0,69,0,11,8.528852700202865,0
80,0,4.0,3,0,0,0,0,10,0,0,34,0,-1,0,0,0,2,0,0,0,0,-1,0,69,0,5,3.6735047598756627,0
81,0,4.5,33,0,0,0,1,3,0,0,95,0,-1,0,0,0,2,0,0,0,0,-1,0,69,0,9,38.58560570546438,0
82,0,-1.0,0,0,0,0,0,9,0,0,56,1,-1,0,0,0,2,0,0,0,0,-1,0,69,0,14,-1.0,0
83,0,5.0,4,0,0,0,0,8,0,0,47,0,-1,0,0,0,2,0,0,0,0,-1,0,69,0,11,4.630286550724154,0
84,0,4.5,12,0,0,0,0,5,0,0,55,0,-1,0,0,0,2,0,0,0,0,-1,0,69,0,2,14.385342619354955,0
85,0,4.0,7,0,0,0,0,6,3,0,15,0,-1,0,0,0,2,0,0,0,0,-1,0,69,0,3,7.544727068220576,0
86,0,5.0,6,0,0,0,2,9,1,0,71,0,-1,0,0,0,2,0,0,0,0,-1,0,69,0,13,6.47231130841748,0
87,0,4.5,53,0,0,0,1,6,0,0,52,0,-1,0,0,0,2,0,0,0,0,-1,0,69,0,6,58.585915118200305,0
88,0,5.0,16,0,0,0,0,10,1,0,5,0,-1,0,0,0,2,0,0,0,0,-1,0,69,0,6,18.456609460650853,0
89,0,3.5,102,0,0,0,0,12,0,0,5,0,-1,0,0,0,2,0,0,0,0,-1,0,69,0,2,119.5519272131751,0
90,0,5.0,36,0,0,0,0,9,0,0,7,0,-1,0,0,0,2,0,0,0,0,-1,0,69,0,10,41.484816566051165,0
91,0,4.5,6,0,0,0,0,2,0,0,344,0,-1,0,0,0,2,0,0,0,0,-1,0,69,0,11,6.785602889584554,0
92,0,4.5,12,0,0,0,0,11,0,0,5,0,-1,0,0,0,2,0,0,0,0,-1,0,69,0,6,15.51155554014691,0
93,0,4.0,11,0,0,0,0,11,0,0,33,0,-1,0,0,0,2,0,0,0,0,-1,0,69,0,5,12.772257623458623,0
94,0,4.5,63,0,0,0,0,11,1,0,5,0,-1,0,0,0,2,0,0,0,0,-1,0,69,0,2,69.15430434871564,0
95,0,4.0,20,0,0,0,0,6,0,0,43,1,-1,0,0,0,2,0,0,0,0,-1,0,69,0,8,22.45748605934836,0
96,0,4.0,37,0,0,0,0,10,0,0,5,0,-1,0,0,0,2,0,0,0,0,-1,0,69,0,6,46.340776082803956,1
97,0,4.5,10,0,0,0,2,11,0,0,507,0,-1,0,0,0,2,0,0,0,0,-1,0,69,0,7,11.477148499413135,1
98,0,4.0,29,0,0,0,0,11,0,0,113,0,-1,0,0,0,2,0,0,0,0,-1,0,69,0,5,31.50628381604149,1
99,0,5.0,19,0,0,0,0,11,2,0,5,0,-1,0,0,0,2,0,0,0,0,-1,0,69,0,5,19.432751157476286,1
100,0,5.0,1,0,0,0,0,13,0,0,199,1,-1,0,0,0,2,0,0,0,0,-1,0,69,0,14,1.0604904952766214,1
101,0,2.5,2,0,0,0,0,10,0,0,126,0,-1,0,0,0,2,0,0,0,0,-1,0,69,0,9,2.0273704846791727,1
102,0,5.0,13,0,0,0,2,8,0,0,297,0,-1,0,0,0,2,0,0,0,0,-1,0,69,0,7,13.833538805003242,1
103,0,5.0,29,0,0,0,0,7,0,0,5,0,-1,0,0,0,2,0,0,0,0,-1,0,69,0,10,29.055321954626162,1
104,0,4.0,20,0,0,0,0,10,0,0,5,0,-1,0,0,0,2,0,0,0,0,-1,0,69,0,6,23.98212629124462,1
105,0,5.0,8,0,0,0,1,13,0,0,40,0,-1,0,0,0,2,0,0,0,0,-1,0,69,0,14,9.579251369602934,1
106,0,5.0,26,0,0,0,0,11,0,0,5,0,-1,0,0,0,2,0,0,0,0,-1,0,69,0,6,31.387116010109892,1
107,0,4.5,37,0,0,0,0,11,1,0,58,0,-1,0,0,0,1,0,0,0,0,-1,0,69,0,11,37.153206114617056,1
108,0,5.0,16,0,0,0,0,11,1,0,5,0,-1,0,0,0,2,0,0,0,0,-1,0,69,0,6,19.493810915800264,1
109,0,5.0,2,0,0,0,2,5,6,0,99,0,-1,0,0,0,2,0,0,0,0,-1,0,69,0,12,2.099052347031778,1
110,0,-1.0,0,0,0,0,0,4,1,0,6,0,-1,0,0,0,1,0,0,0,0,-1,0,69,0,11,-1.0,1
111,0,3.5,2,0,0,0,1,4,0,0,7,0,-1,0,0,0,2,0,0,0,0,-1,0,69,0,1,2.417473457484236,1
112,0,4.5,81,0,0,0,0,11,0,0,65,0,-1,0,0,0,2,0,0,0,0,-1,0,69,0,5,92.49799120856525,1
113,0,4.5,11,0,0,0,0,8,0,0,5,0,-1,0,0,0,2,0,0,0,0,-1,0,69,0,2,11.169560106057098,1
114,0,5.0,14,0,0,0,0,11,1,0,5,0,-1,0,0,0,2,0,0,0,0,-1,0,69,0,6,14.454793636189551,1
115,0,4.5,84,0,0,0,0,7,0,0,5,0,-1,0,0,0,2,0,0,0,0,-1,0,69,0,7,96.12501853446116,1
116,0,5.0,153,0,0,0,0,10,0,0,104,0,-1,0,0,0,2,0,0,0,0,-1,0,69,0,10,197.08767319163886,1
117,0,-1.0,0,0,0,0,0,13,0,0,71,0,-1,0,0,0,1,0,0,0,0,-1,0,69,0,16,-1.0,1
118,0,4.0,67,0,0,0,0,4,1,0,5,0,-1,0,0,0,2,0,0,0,0,-1,0,69,0,8,74.93869284728538,1
119,0,4.5,39,0,0,0,0,12,0,0,112,0,-1,0,0,0,2,0,0,0,0,-1,0,69,0,5,42.27707959622718,1
120,0,4.5,22,0,0,0,0,11,1,0,5,0,-1,0,0,0,2,0,0,0,0,-1,0,69,0,6,26.222869202149113,1
121,0,4.5,65,0,0,0,0,13,0,0,100,0,-1,0,0,0,2,0,0,0,0,-1,0,69,0,5,70.19528884452278,1
122,0,5.0,154,0,0,0,1,11,2,0,202,0,-1,0,0,0,2,0,0,0,0,-1,0,69,0,10,181.0862773113331,1
123,0,5.0,3,0,0,0,0,5,0,0,108,0,-1,0,0,0,2,0,0,0,0,-1,0,69,0,3,3.4935684987182665,1
124,0,3.0,1,0,0,0,1,5,0,0,7,0,-1,0,0,0,2,0,0,0,0,-1,0,69,0,6,1.0390155918167794,1
125,0,4.5,13,0,0,0,0,13,0,0,5,0,-1,0,0,0,2,0,0,0,0,-1,0,69,0,6,13.885836178726066,1
126,0,3.0,22,0,0,0,0,8,1,0,10,0,-1,0,0,0,2,0,0,0,0,-1,0,69,0,6,28.365149212371897,1
127,0,4.5,18,0,0,0,2,9,0,0,129,0,-1,0,0,0,2,0,0,0,0,-1,0,69,0,4,18.545135155917738,1
128,0,-1.0,0,0,0,0,2,8,3,0,114,1,-1,0,0,0,2,0,0,0,0,-1,0,69,0,8,-1.0,1
129,0,-1.0,0,0,0,0,2,7,1,0,56,0,-1,0,0,0,2,0,0,0,0,-1,0,69,0,6,-1.0,1
130,0,3.5,41,0,0,0,0,11,0,0,5,0,-1,0,0,0,2,0,0,0,0,-1,0,69,0,6,43.48863036924326,1
131,0,4.5,131,0,0,0,0,13,1,0,10,0,-1,0,0,0,2,0,0,0,0,-1,0,69,0,5,141.08381755454667,1
132,0,-1.0,0,0,0,0,2,10,0,0,43,0,-1,0,0,0,2,0,0,0,0,-1,0,69,0,7,-1.0,1
133,0,5.0,1,0,0,0,0,10,0,0,240,0,-1,0,0,0,2,0,0,0,0,-1,0,69,0,8,1.0111278121115679,1
134,0,-1.0,0,0,0,0,0,12,2,0,7,0,-1,0,0,0,2,0,0,0,0,-1,0,69,0,9,-1.0,1
135,0,5.0,2,0,0,0,0,11,1,0,20,0,-1,0,0,0,2,0,0,0,0,-1,0,69,0,8,2.3147242027728145,1
136,0,3.0,1,0,0,0,2,2,2,0,48,0,-1,0,0,0,0,0,0,0,0,-1,0,69,0,8,1.2678018465969574,1
137,0,4.5,20,0,0,0,0,10,0,0,5,0,-1,0,0,0,2,0,0,0,0,-1,0,69,0,6,21.109062204382035,1
138,0,-1.0,0,0,0,0,1,13,1,0,1042,0,-1,0,0,0,2,0,0,0,0,-1,0,69,0,14,-1.0,1
139,0,5.0,2,0,0,0,2,10,1,0,166,1,-1,0,0,0,2,0,0,0,0,-1,0,69,0,17,2.534912823262697,1
140,0,4.5,25,0,0,0,0,10,1,0,5,0,-1,0,0,0,2,0,0,0,0,-1,0,69,0,6,26.390973053364185,1
141,0,4.5,31,0,0,0,0,6,0,0,5,0,-1,0,0,0,2,0,0,0,0,-1,0,69,0,7,33.40887888562316,1
142,0,4.5,134,0,0,0,0,10,0,0,5,0,-1,0,0,0,2,0,0,0,0,-1,0,69,0,2,167.51183378821526,1
143,0,4.5,4,0,0,0,0,7,1,0,269,1,-1,0,0,0,2,0,0,0,0,-1,0,69,0,13,4.57783238368949,1
144,0,4.5,4,0,0,0,0,13,3,0,39,0,-1,0,0,0,2,0,0,0,0,-1,0,69,0,14,5.188086371923507,1
145,0,4.5,51,0,0,0,2,11,0,0,5,0,-1,0,0,0,2,0,0,0,0,-1,0,69,0,10,51.417927680029855,1
146,0,4.5,24,0,0,0,0,11,0,0,5,0,-1,0,0,0,2,0,0,0,0,-1,0,69,0,2,27.813066909695266,1
147,0,4.5,15,0,0,0,0,11,0,0,5,0,-1,0,0,0,2,0,0,0,0,-1,0,69,0,6,19.40722685002922,1
148,0,4.5,29,0,0,0,0,5,0,0,6,0,-1,0,0,0,2,0,0,0,0,-1,0,69,0,9,35.232199409187594,1
149,0,3.5,3,0,0,0,0,13,1,0,5,0,-1,0,0,0,2,0,0,0,0,-1,0,69,0,9,3.227869743811798,1
150,0,4.5,53,0,0,0,0,12,0,0,21,0,-1,0,0,0,2,0,0,0,0,-1,0,69,0,7,58.862885997507966,1
151,0,4.5,119,0,0,0,0,10,0,0,109,0,-1,0,0,0,2,0,0,0,0,-1,0,69,0,6,132.81104317204463,1
152,0,5.0,1,0,0,0,0,9,0,0,94,0,-1,0,0,0,2,0,0,0,0,-1,0,69,0,4,1.1192552351434815,1
153,0,-1.0,0,0,0,0,2,13,0,0,118,0,-1,0,0,0,2,0,0,0,0,-1,0,69,0,11,-1.0,1
154,0,5.0,18,0,0,0,1,9,0,0,137,1,-1,0,0,0,2,0,0,0,0,-1,0,69,0,16,18.630965214059827,1
155,0,4.0,6,0,0,0,0,10,0,0,34,0,-1,0,0,0,2,0,0,0,0,-1,0,69,0,2,7.475363193866393,1
156,0,4.5,140,0,0,0,0,13,0,0,11,0,-1,0,0,0,2,0,0,0,0,-1,0,69,0,5,170.61101571118448,1
157,0,4.5,8,0,0,0,0,7,0,0,70,0,-1,0,0,0,1,0,0,0,0,-1,0,69,0,10,8.709279162351983,1
158,0,5.0,2,0,0,0,1,7,0,0,48,0,-1,0,0,0,2,0,0,0,0,-1,0,69,0,7,2.0537705221923988,1
159,0,4.5,13,0,0,0,0,6,0,0,104,0,-1,0,0,0,2,0,0,0,0,-1,0,69,0,10,13.683242576824695,1
160,0,4.0,122,0,0,0,2,10,0,0,162,0,-1,0,0,0,2,0,0,0,0,-1,0,69,0,5,127.9030953639707,1
161,0,4.5,106,0,0,0,0,13,0,0,18,0,-1,0,0,0,2,0,0,0,0,-1,0,69,0,9,113.22191152158143,1
162,0,4.0,31,0,0,0,0,11,0,0,113,0,-1,0,0,0,2,0,0,0,0,-1,0,69,0,5,39.42232947141494,1
163,0,2.0,1,0,0,0,0,2,0,0,17,0,-1,0,0,0,2,0,0,0,0,-1,0,69,0,7,1.149276694182889,1
164,0,4.0,15,0,0,0,0,8,0,0,33,0,-1,0,0,0,2,0,0,0,0,-1,0,69,0,7,15.815785882667265,1
165,0,-1.0,0,0,0,0,1,9,0,0,87,0,-1,0,0,0,2,0,0,0,0,-1,0,69,0,9,-1.0,1
166,0,5.0,55,0,0,0,0,12,1,0,88,0,-1,0,0,0,2,0,0,0,0,-1,0,69,0,9,67.93259670491611,1
167,0,-1.0,0,0,0,0,1,12,3,0,38,0,-1,0,0,0,2,0,0,0,0,-1,0,69,0,7,-1.0,1
168,0,-1.0,0,0,0,0,0,12,0,0,342,0,-1,0,0,0,2,0,0,0,0,-1,0,69,0,12,-1.0,1
169,0,4.5,15,0,0,0,0,7,0,0,21,0,-1,0,0,0,2,0,0,0,0,-1,0,69,0,11,16.081488214614595,1
170,0,4.0,135,0,0,0,0,11,1,0,158,0,-1,0,0,0,2,0,0,0,0,-1,0,69,0,11,154.67301841854416,1
171,0,4.0,31,0,0,0,0,11,0,0,110,0,-1,0,0,0,2,0,0,0,0,-1,0,69,0,5,31.9539373568492,1
172,0,-1.0,0,0,0,0,1,6,0,0,87,0,-1,0,0,0,2,0,0,0,0,-1,0,69,0,9,-1.0,1
173,0,4.5,11,0,0,0,0,13,0,0,148,0,-1,0,0,0,2,0,0,0,0,-1,0,69,0,5,12.563446245132765,1
174,0,4.5,48,0,0,0,2,7,0,0,59,0,-1,0,0,0,2,0,0,0,0,-1,0,69,0,5,52.16262244384809,1
175,0,4.0,53,0,0,0,0,5,0,0,5,0,-1,0,0,0,2,0,0,0,0,-1,0,69,0,7,67.93930634182595,1
176,0,5.0,2,0,0,0,0,2,1,0,15,0,-1,0,0,0,2,0,0,0,0,-1,0,69,0,9,2.333989495495735,1
177,0,4.5,2,0,0,0,0,11,0,0,36,0,-1,0,0,0,2,0,0,0,0,-1,0,69,0,4,2.4662876411586248,1
178,0,4.5,14,0,0,0,0,9,0,0,67,0,-1,0,0,0,2,0,0,0,0,-1,0,69,0,5,15.096726852070912,1
179,0,5.0,5,0,0,0,0,11,0,0,5,0,-1,0,0,0,2,0,0,0,0,-1,0,69,0,6,5.167124696458419,1
180,0,5.0,2,0,0,0,1,7,1,0,71,0,-1,0,0,0,1,0,0,0,0,-1,0,69,0,8,2.033880171820928,1
181,0,5.0,43,0,0,0,1,10,1,0,78,1,-1,0,0,0,2,0,0,0,0,-1,0,69,0,7,55.45381094842253,1
182,0,5.0,50,0,0,0,0,11,3,0,1500,1,-1,0,0,0,2,0,0,0,0,-1,0,69,0,13,62.93885959242553,1
183,0,4.5,20,0,0,0,0,7,1,0,5,0,-1,0,0,0,2,0,0,0,0,-1,0,69,0,6,25.786538844225205,1
184,0,4.5,20,0,0,0,0,11,0,0,63,0,-1,0,0,0,2,0,0,0,0,-1,0,69,0,1,22.257333301768945,1
185,0,4.5,38,0,0,0,0,6,6,0,25,0,-1,0,0,0,2,0,0,0,0,-1,0,69,0,1,45.08287104449325,1
186,0,1.0,1,0,0,0,0,9,0,0,63,0,-1,0,0,0,2,0,0,0,0,-1,0,69,0,6,1.2700007878819204,1
187,0,-1.0,0,0,0,0,2,12,0,0,112,0,-1,0,0,0,2,0,0,0,0,-1,0,69,0,6,-1.0,1
188,0,-1.0,0,0,0,0,0,2,1,0,23,0,-1,0,0,0,1,0,0,0,0,-1,0,69,0,1,-1.0,1
189,0,5.0,1,0,0,0,0,12,0,0,33,0,-1,0,0,0,2,0,0,0,0,-1,0,69,0,5,1.2692078564376839,1
190,0,3.0,2,0,0,0,0,9,1,0,48,0,-1,0,0,0,2,0,0,0,0,-1,0,69,0,10,2.4248981941842,1
191,0,5.0,2,0,0,0,0,5,0,0,33,1,-1,0,0,0,2,0,0,0,0,-1,0,69,0,14,2.2848187493013685,2
192,0,3.5,51,0,0,0,0,13,1,0,243,0,-1,0,0,0,2,0,0,0,0,-1,0,69,0,7,60.07325341237928,2
193,0,4.5,46,0,0,0,0,10,0,0,5,0,-1,0,0,0,2,0,0,0,0,-1,0,69,0,6,52.36335944409138,2
194,0,5.0,16,0,0,0,0,11,0,0,5,0,-1,0,0,0,2,0,0,0,0,-1,0,69,0,3,17.06366631184723,2
195,0,4.5,137,0,0,0,1,13,0,0,24,0,-1,0,0,0,2,0,0,0,0,-1,0,69,0,4,177.6037508548191,2
196,0,4.0,102,0,0,0,0,13,0,0,47,0,-1,0,0,0,2,0,0,0,0,-1,0,69,0,6,132.5430889172783,2
197,0,4.5,69,0,0,0,0,11,0,0,5,0,-1,0,0,0,2,0,0,0,0,-1,0,69,0,6,78.6149748228661,2
198,0,4.5,26,0,0,0,2,9,0,0,62,0,-1,0,0,0,2,0,0,0,0,-1,0,69,0,7,29.716435904956903,2
199,0,-1.0,0,0,0,0,1,13,6,0,38,1,-1,0,0,0,2,0,0,0,0,-1,0,69,0,11,-1.0,2
200,0,5.0,2,0,0,0,0,12,1,0,42,0,-1,0,0,0,2,0,0,0,0,-1,0,69,0,5,2.1895284003931548,2
201,0,4.0,55,0,0,0,0,10,0,0,5,0,-1,0,0,0,2,0,0,0,0,-1,0,69,0,2,55.75418439172992,2
202,0,-1.0,0,0,0,0,0,7,1,0,3,1,-1,0,0,0,2,0,0,0,0,-1,0,69,0,12,-1.0,2
203,0,5.0,1,0,0,0,0,11,0,0,3,1,-1,0,0,0,2,0,0,0,0,-1,0,69,0,11,1.087488828750849,2
204,0,3.5,8,0,0,0,0,9,0,0,43,1,-1,0,0,0,2,0,0,0,0,-1,0,69,0,8,9.380260853808617,2
205,0,4.0,5,0,0,0,2,7,0,0,146,1,-1,0,0,0,2,0,0,0,0,-1,0,69,0,12,5.485891152643626,2
206,0,5.0,81,0,0,0,0,6,0,0,118,0,-1,0,0,0,2,0,0,0,0,-1,0,69,0,10,85.04557260790328,2
207,0,5.0,8,0,0,0,0,9,0,0,79,0,-1,0,0,0,2,0,0,0,0,-1,0,69,0,11,8.594464446194278,2
208,0,5.0,3,0,0,0,0,11,2,0,5,0,-1,0,0,0,2,0,0,0,0,-1,0,69,0,5,3.46246123341818,2
209,0,4.5,93,0,0,0,0,12,0,0,100,0,-1,0,0,0,2,0,0,0,0,-1,0,69,0,5,93.76083330751558,2
210,0,4.5,163,0,0,0,1,12,0,0,24,0,-1,0,0,0,2,0,0,0,0,-1,0,69,0,5,177.3962692345423,2
211,0,4.5,33,0,0,0,0,5,1,0,6,0,-1,0,0,0,2,0,0,0,0,-1,0,69,0,9,36.123034226481245,2
212,0,5.0,1,0,0,0,1,10,1,0,179,1,-1,0,0,0,2,0,0,0,0,-1,0,69,0,16,1.0434582714397624,2
213,0,5.0,3,0,0,0,0,3,1,0,141,0,-1,0,0,0,1,0,0,0,0,-1,0,69,0,5,3.501307476386065,2
214,0,-1.0,0,0,0,0,2,13,0,0,59,0,-1,0,0,0,2,0,0,0,0,-1,0,69,0,11,-1.0,2
215,0,4.0,30,0,0,0,0,11,0,0,5,0,-1,0,0,0,2,0,0,0,0,-1,0,69,0,6,33.480247019660375,2
216,0,4.5,3,0,0,0,0,8,0,0,7,0,-1,0,0,0,2,0,0,0,0,-1,0,69,0,12,3.0460832707048344,2
217,0,4.5,16,0,0,0,0,8,0,0,6,0,-1,0,0,0,2,0,0,0,0,-1,0,69,0,10,20.309390378348695,2
218,0,5.0,5,0,0,0,0,13,0,0,32,0,-1,0,0,0,2,0,0,0,0,-1,0,69,0,3,6.05868446792628,2
219,0,4.5,9,0,0,0,0,10,2,0,5,0,-1,0,0,0,2,0,0,0,0,-1,0,69,0,5,10.65706127813499,2
220,0,-1.0,0,0,0,0,1,13,0,0,111,0,-1,0,0,0,1,0,0,0,0,-1,0,69,0,14,-1.0,2
221,0,5.0,3,0,0,0,0,13,1,0,86,0,-1,0,0,0,2,0,0,0,0,-1,0,69,0,7,3.555066068695875,2
222,0,3.0,7,0,0,0,0,9,0,0,5,0,-1,0,0,0,2,0,0,0,0,-1,0,69,0,6,7.362630394616383,2
223,0,4.0,137,0,0,0,0,10,0,0,5,0,-1,0,0,0,2,0,0,0,0,-1,0,69,0,4,160.2421670579655,2
224,0,4.5,20,0,0,0,0,9,0,0,93,0,-1,0,0,0,2,0,0,0,0,-1,0,69,0,4,23.989649767784954,2
225,0,5.0,21,0,0,0,1,13,0,0,74,0,-1,0,0,0,2,0,0,0,0,-1,0,69,0,7,24.54989162816791,2
226,0,4.0,68,0,0,0,0,7,0,0,288,0,-1,0,0,0,2,0,0,0,0,-1,0,69,0,5,79.66006310122988,2
227,0,5.0,2,0,0,0,1,13,1,0,5,0,-1,0,0,0,2,0,0,0,0,-1,0,69,0,11,2.0228772968191406,2
228,0,5.0,19,0,0,0,2,10,1,0,10,1,-1,0,0,0,2,0,0,0,0,-1,0,69,0,14,22.22354015323676,2
229,0,4.5,4,0,0,0,0,10,0,0,34,0,-1,0,0,0,2,0,0,0,0,-1,0,69,0,5,4.628425763565736,2
230,0,3.5,3,0,0,0,1,13,0,0,131,0,-1,0,0,0,2,0,0,0,0,-1,0,69,0,7,3.385966765882426,2
231,0,4.5,143,0,0,0,0,10,1,0,191,0,-1,0,0,0,2,0,0,0,0,-1,0,69,0,9,175.25009395153765,2
232,0,-1.0,0,0,0,0,0,11,0,0,69,0,-1,0,0,0,2,0,0,0,0,-1,0,69,0,1,-1.0,2
233,0,4.5,32,0,0,0,0,11,0,0,64,0,-1,0,0,0,2,0,0,0,0,-1,0,69,0,5,36.9448456217439,2
234,0,1.0,1,0,0,0,1,12,0,0,82,0,-1,0,0,0,2,0,0,0,0,-1,0,69,0,4,1.1032962459482194,2
235,0,4.5,63,0,0,0,0,9,0,0,105,0,-1,0,0,0,2,0,0,0,0,-1,0,69,0,3,79.40722963219577,2
236,0,5.0,3,0,0,0,1,9,5,0,62,0,-1,0,0,0,2,0,0,0,0,-1,0,69,0,12,3.0232604203511837,2
237,0,4.5,21,0,0,0,0,4,0,0,5,0,-1,0,0,0,2,0,0,0,0,-1,0,69,0,10,25.418797799506944,2
238,0,5.0,3,0,0,0,0,13,1,0,239,0,-1,0,0,0,2,0,0,0,0,-1,0,69,0,5,3.3524632406154,2
239,0,4.5,107,0,0,0,0,7,0,0,26,0,-1,0,0,0,2,0,0,0,0,-1,0,69,0,8,130.10584974577148,2
240,0,4.0,19,0,0,0,0,10,0,0,41,1,-1,0,0,0,2,0,0,0,0,-1,0,69,0,11,24.474407885021584,2
241,0,5.0,14,0,0,0,0,13,1,0,59,0,-1,0,0,0,2,0,0,0,0,-1,0,69,0,15,16.347566094629705,2
242,0,5.0,12,0,0,0,0,3,1,0,31,0,-1,0,0,0,2,0,0,0,0,-1,0,69,0,9,15.449521345138777,2
243,0,5.0,41,0,0,0,2,11,0,0,96,0,-1,0,0,0,2,0,0,0,0,-1,0,69,0,13,46.86641639974892,2
244,0,5.0,16,0,0,0,0,8,0,0,5,0,-1,0,0,0,2,0,0,0,0,-1,0,69,0,6,17.466156507261513,2
245,0,4.0,8,0,0,0,0,11,2,0,5,0,-1,0,0,0,2,0,0,0,0,-1,0,69,0,5,9.856630579330242,2
246,0,4.5,48,0,0,0,0,6,2,0,5,0,-1,0,0,0,2,0,0,0,0,-1,0,69,0,3,57.60900984831193,2
247,0,4.0,29,0,0,0,0,10,0,0,38,1,-1,0,0,0,2,0,0,0,0,-1,0,69,0,7,29.107225592113124,2
248,0,5.0,4,0,0,0,0,13,0,0,38,0,-1,0,0,0,2,0,0,0,0,-1,0,69,0,6,4.3842170794352215,2
249,0,4.0,76,0,0,0,0,11,0,0,10,0,-1,0,0,0,2,0,0,0,0,-1,0,69,0,6,94.13760923129497,2
250,0,4.5,27,0,0,0,2,13,1,0,293,0,-1,0,0,0,2,0,0,0,0,-1,0,69,0,13,33.87180051543455,2
251,0,4.5,144,0,0,0,0,12,0,0,17,0,-1,0,0,0,2,0,0,0,0,-1,0,69,0,8,171.87251280613293,2
252,0,-1.0,0,0,0,0,1,12,1,0,44,0,-1,0,0,0,1,0,0,0,0,-1,0,69,0,5,-1.0,2
253,0,4.5,16,0,0,0,0,11,1,0,5,0,-1,0,0,0,2,0,0,0,0,-1,0,69,0,6,19.901080680525823,2
254,0,4.0,16,0,0,0,0,8,0,0,65,0,-1,0,0,0,2,0,0,0,0,-1,0,69,0,7,17.89417926398071,2
255,0,4.0,9,0,0,0,0,11,0,0,5,0,-1,0,0,0,2,0,0,0,0,-1,0,69,0,6,9.790002806961022,2
256,0,4.5,25,0,0,0,0,11,2,0,5,0,-1,0,0,0,2,0,0,0,0,-1,0,69,0,5,28.93130831565145,2
257,0,5.0,14,0,0,0,1,13,3,0,36,0,-1,0,0,0,2,0,0,0,0,-1,0,69,0,5,17.802018034697067,2
258,0,4.0,92,0,0,0,0,11,2,0,5,0,-1,0,0,0,2,0,0,0,0,-1,0,69,0,2,93.60077541577438,2
259,0,5.0,7,0,0,0,2,9,0,0,6,0,-1,0,0,0,1,0,0,0,0,-1,0,69,0,11,7.853605969343874,2
260,0,4.5,7,0,0,0,2,7,0,0,48,0,-1,0,0,0,2,0,0,0,0,-1,0,69,0,11,7.769599046997632,2
261,0,-1.0,0,0,0,0,0,8,4,0,198,0,-1,0,0,0,1,0,0,0,0,-1,0,69,0,17,-1.0,2
262,0,-1.0,0,0,0,0,0,9,1,0,105,0,-1,0,0,0,2,0,0,0,0,-1,0,69,0,10,-1.0,2
263,0,4.5,4,0,0,0,0,12,1,0,77,0,-1,0,0,0,2,0,0,0,0,-1,0,69,0,9,4.774081471077064,2
264,0,4.5,37,0,0,0,0,13,0,0,65,0,-1,0,0,0,2,0,0,0,0,-1,0,69,0,5,44.65212235110351,2
265,0,4.0,31,0,0,0,0,9,2,0,55,1,-1,0,0,0,2,0,0,0,0,-1,0,69,0,9,40.15238785748962,2
266,0,4.5,67,0,0,0,0,11,0,0,5,0,-1,0,0,0,2,0,0,0,0,-1,0,69,0,3,75.00372948463686,2
267,0,4.5,23,0,0,0,2,13,0,0,38,0,-1,0,0,0,2,0,0,0,0,-1,0,69,0,5,29.330952156003804,2
268,0,4.5,32,0,0,0,0,10,1,0,5,0,-1,0,0,0,2,0,0,0,0,-1,0,69,0,6,39.06268717404035,2
269,0,4.5,8,0,0,0,0,9,2,0,5,0,-1,0,0,0,2,0,0,0,0,-1,0,69,0,5,8.896752955416332,2
270,0,3.5,184,0,0,0,0,11,0,0,5,0,-1,0,0,0,2,0,0,0,0,-1,0,69,0,11,211.81684457746553,2
271,0,5.0,18,0,0,0,0,10,0,0,5,0,-1,0,0,0,2,0,0,0,0,-1,0,69,0,3,20.041765565782722,2
272,0,5.0,21,0,0,0,0,8,1,0,6,0,-1,0,0,0,2,0,0,0,0,-1,0,69,0,13,25.330941293574398,2
273,0,5.0,18,0,0,0,2,10,0,0,66,0,-1,0,0,0,2,0,0,0,0,-1,0,69,0,7,22.36947161724092,2
274,0,4.0,14,0,0,0,0,11,0,0,5,0,-1,0,0,0,2,0,0,0,0,-1,0,69,0,6,14.500855852422468,2
275,0,4.0,8,0,0,0,0,11,0,0,5,0,-1,0,0,0,2,0,0,0,0,-1,0,69,0,6,10.143052716046046,2
276,0,4.5,7,0,0,0,2,6,0,0,28,0,-1,0,0,0,2,0,0,0,0,-1,0,69,0,7,7.0383710491462335,2
277,0,4.5,48,0,0,0,1,6,1,0,71,0,-1,0,0,0,2,0,0,0,0,-1,0,69,0,11,55.740790613245494,2
278,0,4.5,4,0,0,0,0,8,1,0,242,0,-1,0,0,0,2,0,0,0,0,-1,0,69,0,15,4.38201588145348,2
279,0,4.5,66,0,0,0,0,4,1,0,5,0,-1,0,0,0,2,0,0,0,0,-1,0,69,0,8,78.27077719766868,2
280,0,4.5,25,0,0,0,2,13,0,0,277,0,-1,0,0,0,2,0,0,0,0,-1,0,69,0,6,26.81544831368357,2
281,0,4.5,11,0,0,0,0,9,2,0,5,0,-1,0,0,0,2,0,0,0,0,-1,0,69,0,5,14.205824359683218,2
282,0,-1.0,0,0,0,0,2,5,6,0,151,0,-1,0,0,0,2,0,0,0,0,-1,0,69,0,10,-1.0,2
283,0,4.5,65,0,0,0,0,12,0,0,59,0,-1,0,0,0,2,0,0,0,0,-1,0,69,0,6,71.11955886515602,2
284,0,5.0,10,0,0,0,0,11,0,0,89,0,-1,0,0,0,2,0,0,0,0,-1,0,69,0,6,12.172679636437548,2
285,0,4.5,44,0,0,0,0,5,1,0,5,0,-1,0,0,0,2,0,0,0,0,-1,0,69,0,8,57.0622728446707,2
286,0,3.5,21,0,0,0,0,12,0,0,75,0,-1,0,0,0,2,0,0,0,0,-1,0,69,0,7,26.84990969441485,3
287,0,5.0,2,0,0,0,0,9,0,0,21,0,-1,0,0,0,2,0,0,0,0,-1,0,69,0,6,2.1639118133777364,3
288,0,3.5,25,0,0,0,0,7,0,0,180,1,-1,0,0,0,2,0,0,0,0,-1,0,69,0,11,31.645281816007635,3
289,0,5.0,16,0,0,0,2,7,1,0,48,1,-1,0,0,0,2,0,0,0,0,-1,0,69,0,12,20.068100961130796,3
290,0,5.0,1,0,0,0,0,10,0,0,41,1,-1,0,0,0,2,0,0,0,0,-1,0,69,0,11,1.261573508756475,3
291,0,5.0,5,0,0,0,1,13,0,0,163,0,-1,0,0,0,2,0,0,0,0,-1,0,69,0,6,5.862707470828289,3
292,0,4.5,60,0,0,0,0,13,0,0,19,0,-1,0,0,0,2,0,0,0,0,-1,0,69,0,9,70.6536588536862,3
293,0,-1.0,0,0,0,0,0,10,0,0,66,0,-1,0,0,0,1,0,0,0,0,-1,0,69,0,6,-1.0,3
294,0,5.0,4,0,0,0,1,13,1,0,63,0,-1,0,0,0,2,0,0,0,0,-1,0,69,0,11,4.580911554888451,3
295,0,3.5,11,0,0,0,0,9,1,0,5,0,-1,0,0,0,2,0,0,0,0,-1,0,69,0,6,11.296815433307652,3
296,0,4.5,3,0,0,0,0,10,0,0,32,0,-1,0,0,0,2,0,0,0,0,-1,0,69,0,5,3.7978701759616325,3
297,0,4.5,118,0,0,0,0,11,0,0,5,0,-1,0,0,0,2,0,0,0,0,-1,0,69,0,4,131.64562530987868,3
298,0,5.0,12,0,0,0,0,10,0,0,82,0,-1,0,0,0,2,0,0,0,0,-1,0,69,0,7,12.206027547446546,3
299,0,5.0,9,0,0,0,0,11,0,0,32,0,-1,0,0,0,2,0,0,0,0,-1,0,69,0,3,9.390071895044366,3
300,0,5.0,5,0,0,0,1,8,1,0,5,0,-1,0,0,0,2,0,0,0,0,-1,0,69,0,11,5.207997534925715,3
301,0,4.5,59,0,0,0,0,10,0,0,5,0,-1,0,0,0,2,0,0,0,0,-1,0,69,0,6,65.64614466018077,3
302,0,4.5,29,0,0,0,0,3,0,0,6,0,-1,0,0,0,2,0,0,0,0,-1,0,69,0,11,29.176007942815193,3
303,0,5.0,7,0,0,0,0,12,1,0,95,0,-1,0,0,0,2,0,0,0,0,-1,0,69,0,9,7.681838413013684,3
304,0,3.0,58,0,0,0,0,10,1,0,5,0,-1,0,0,0,2,0,0,0,0,-1,0,69,0,2,58.74570013373796,3
305,0,4.0,141,0,0,0,0,11,0,0,5,0,-1,0,0,0,2,0,0,0,0,-1,0,69,0,4,145.23656554461513,3
306,0,3.5,16,0,0,0,0,13,0,0,8,0,-1,0,0,0,2,0,0,0,0,-1,0,69,0,1,16.63383338044525,3
307,0,5.0,14,0,0,0,0,10,0,0,36,0,-1,0,0,0,2,0,0,0,0,-1,0,69,0,9,14.17430314673291,3
308,0,3.5,15,0,0,0,0,5,0,0,96,0,-1,0,0,0,2,0,0,0,0,-1,0,69,0,5,18.01360736778273,3
309,0,-1.0,0,0,0,0,0,10,1,0,5,0,-1,0,0,0,2,0,0,0,0,-1,0,69,0,6,-1.0,3
310,0,4.5,58,0,0,0,0,11,0,0,5,0,-1,0,0,0,2,0,0,0,0,-1,0,69,0,6,72.51729923548129,3
311,0,4.5,22,0,0,0,0,13,0,0,117,0,-1,0,0,0,2,0,0,0,0,-1,0,69,0,5,23.97532468855179,3
312,0,4.0,10,0,0,0,0,9,2,0,5,0,-1,0,0,0,2,0,0,0,0,-1,0,69,0,5,12.126999252474667,3
313,0,4.5,73,0,0,0,0,11,2,0,5,0,-1,0,0,0,2,0,0,0,0,-1,0,69,0,2,84.35748755084171,3
314,0,4.5,43,0,0,0,2,7,1,0,42,0,-1,0,0,0,2,0,0,0,0,-1,0,69,0,10,55.36316114519439,3
315,0,4.5,3,0,0,0,0,6,0,0,49,1,-1,0,0,0,2,0,0,0,0,-1,0,69,0,12,3.0614135366915,3
316,0,5.0,3,0,0,0,0,11,1,0,5,0,-1,0,0,0,2,0,0,0,0,-1,0,69,0,6,3.583765268520691,3
317,0,4.0,37,0,0,0,0,9,0,0,118,0,-1,0,0,0,2,0,0,0,0,-1,0,69,0,7,37.992058109236794,3
318,0,5.0,7,0,0,0,0,13,0,0,32,0,-1,0,0,0,2,0,0,0,0,-1,0,69,0,3,8.83625359854722,3
319,0,5.0,16,0,0,0,0,11,2,0,5,0,-1,0,0,0,2,0,0,0,0,-1,0,69,0,5,18.622194203617507,3
320,0,4.0,2,0,0,0,0,7,1,0,5,0,-1,0,0,0,2,0,0,0,0,-1,0,69,0,7,2.145935211760117,3
321,0,5.0,7,0,0,0,0,10,0,0,10,0,-1,0,0,0,2,0,0,0,0,-1,0,69,0,12,7.555587763820782,3
322,0,5.0,3,0,0,0,0,6,0,0,38,0,-1,0,0,0,2,0,0,0,0,-1,0,69,0,13,3.3922528367744684,3
323,0,4.0,3,0,0,0,0,3,0,0,14,1,-1,0,0,0,2,0,0,0,0,-1,0,69,0,9,3.833988115624562,3
324,0,3.5,10,0,0,0,0,12,0,0,131,0,-1,0,0,0,2,0,0,0,0,-1,0,69,0,6,10.566625117628954,3
325,0,-1.0,0,0,0,0,2,11,0,0,167,0,-1,0,0,0,2,0,0,0,0,-1,0,69,0,12,-1.0,3
326,0,-1.0,0,0,0,0,0,13,0,0,30,1,-1,0,0,0,2,0,0,0,0,-1,0,69,0,8,-1.0,3
327,0,5.0,1,0,0,0,0,9,2,0,5,0,-1,0,0,0,2,0,0,0,0,-1,0,69,0,2,1.1909468218036743,3
328,0,4.5,16,0,0,0,0,10,0,0,5,0,-1,0,0,0,2,0,0,0,0,-1,0,69,0,3,16.81472462920669,3
329,0,4.5,24,0,0,0,0,13,0,0,112,0,-1,0,0,0,2,0,0,0,0,-1,0,69,0,5,29.655685339985897,3
330,0,4.0,63,0,0,0,0,10,0,0,10,0,-1,0,0,0,2,0,0,0,0,-1,0,69,0,6,78.1115972897047,3
331,0,-1.0,0,0,0,0,0,9,6,0,38,0,-1,0,0,0,2,0,0,0,0,-1,0,69,0,7,-1.0,3
332,0,-1.0,0,0,0,0,0,12,0,0,33,0,-1,0,0,0,2,0,0,0,0,-1,0,69,0,5,-1.0,3
333,0,4.0,7,0,0,0,0,10,0,0,42,1,-1,0,0,0,2,0,0,0,0,-1,0,69,0,10,8.230181262656767,3
334,0,-1.0,0,0,0,0,0,10,0,0,7,0,-1,0,0,0,2,0,0,0,0,-1,0,69,0,10,-1.0,3
335,0,4.5,5,0,0,0,0,11,0,0,5,0,-1,0,0,0,2,0,0,0,0,-1,0,69,0,6,5.448198572158613,3
336,0,4.5,16,0,0,0,2,11,6,0,48,0,-1,0,0,0,2,0,0,0,0,-1,0,69,0,7,17.394510407125015,3
337,0,5.0,38,0,0,0,0,8,0,0,6,0,-1,0,0,0,2,0,0,0,0,-1,0,69,0,10,46.11594532225181,3
338,0,5.0,6,0,0,0,0,9,0,0,76,0,-1,0,0,0,2,0,0,0,0,-1,0,69,0,10,7.255715260168159,3
339,0,2.5,2,0,0,0,0,7,0,0,5,0,-1,0,0,0,2,0,0,0,0,-1,0,69,0,12,2.346031686259183,3
340,0,5.0,2,0,0,0,0,8,1,0,14,0,-1,0,0,0,2,0,0,0,0,-1,0,69,0,6,2.232987285772181,3
341,0,3.0,19,0,0,0,0,11,0,0,5,0,-1,0,0,0,2,0,0,0,0,-1,0,69,0,3,21.591679785477893,3
342,0,5.0,8,0,0,0,0,13,0,0,32,0,-1,0,0,0,2,0,0,0,0,-1,0,69,0,3,8.989465471576697,3
343,0,-1.0,0,0,0,0,1,5,1,0,5,0,-1,0,0,0,2,0,0,0,0,-1,0,69,0,11,-1.0,3
344,0,4.0,19,0,0,0,0,11,0,0,5,0,-1,0,0,0,2,0,0,0,0,-1,0,69,0,5,24.023304997303548,3
345,0,4.0,51,0,0,0,0,13,0,0,5,0,-1,0,0,0,2,0,0,0,0,-1,0,69,0,4,52.62125603270157,3
346,0,3.5,14,0,0,0,0,9,0,0,55,1,-1,0,0,0,2,0,0,0,0,-1,0,69,0,11,16.77011040267388,3
347,0,5.0,2,0,0,0,1,13,3,0,58,0,-1,0,0,0,2,0,0,0,0,-1,0,69,0,8,2.21158722940043,3
348,0,5.0,2,0,0,0,0,11,2,0,5,0,-1,0,0,0,2,0,0,0,0,-1,0,69,0,5,2.0624546011205465,3
349,0,3.5,3,0,0,0,0,12,0,0,100,0,-1,0,0,0,2,0,0,0,0,-1,0,69,0,10,3.4770308029155075,3
350,0,4.0,94,0,0,0,0,11,0,0,10,0,-1,0,0,0,2,0,0,0,0,-1,0,69,0,6,103.99157458260166,3
351,0,4.5,16,0,0,0,2,8,0,0,66,0,-1,0,0,0,2,0,0,0,0,-1,0,69,0,7,18.082041159955985,3
352,0,4.0,46,0,0,0,0,11,1,0,5,0,-1,0,0,0,2,0,0,0,0,-1,0,69,0,2,55.54870653984952,3
353,0,5.0,1,0,0,0,0,6,0,0,26,0,-1,0,0,0,2,0,0,0,0,-1,0,69,0,11,1.185821376026782,3
354,0,4.0,88,0,0,0,0,11,2,0,50,0,-1,0,0,0,2,0,0,0,0,-1,0,69,0,1,109.88711770304288,3
355,0,5.0,2,0,0,0,0,10,1,0,102,0,-1,0,0,0,2,0,0,0,0,-1,0,69,0,5,2.2025458988588538,3
356,0,4.5,88,0,0,0,0,13,6,0,265,0,-1,0,0,0,2,0,0,0,0,-1,0,69,0,4,101.17840012481795,3
357,0,-1.0,0,0,0,0,0,13,0,0,36,0,-1,0,0,0,2,0,0,0,0,-1,0,69,0,11,-1.0,3
358,0,-1.0,0,0,0,0,0,11,2,0,29,0,-1,0,0,0,2,0,0,0,0,-1,0,69,0,8,-1.0,3
359,0,4.0,46,0,0,0,0,11,0,0,5,0,-1,0,0,0,2,0,0,0,0,-1,0,69,0,3,55.21226735143955,3
360,0,5.0,1,0,0,0,0,8,1,0,15,1,-1,0,0,0,2,0,0,0,0,-1,0,69,0,10,1.2067010019855196,3
361,0,-1.0,0,0,0,0,0,10,1,0,20,0,-1,0,0,0,2,0,0,0,0,-1,0,69,0,11,-1.0,3
362,0,4.5,3,0,0,0,1,13,1,0,20,1,-1,0,0,0,2,0,0,0,0,-1,0,69,0,12,3.6646642621433627,3
363,0,5.0,14,0,0,0,0,11,1,0,16,0,-1,0,0,0,2,0,0,0,0,-1,0,69,0,4,17.959250283453542,3
364,0,5.0,8,0,0,0,0,4,1,0,344,0,-1,0,0,0,2,0,0,0,0,-1,0,69,0,12,10.319204969644534,3
365,0,4.5,48,0,0,0,0,11,0,0,42,0,-1,0,0,0,2,0,0,0,0,-1,0,69,0,10,50.320001451418015,3
366,0,1.0,1,0,0,0,0,13,1,0,52,0,-1,0,0,0,2,0,0,0,0,-1,0,69,0,8,1.2278243414968617,3
367,0,4.5,2,0,0,0,1,4,0,0,105,1,-1,0,0,0,2,0,0,0,0,-1,0,69,0,8,2.5202455239040216,3
368,0,4.0,62,0,0,0,0,11,2,0,5,0,-1,0,0,0,2,0,0,0,0,-1,0,69,0,7,71.20674080395197,3
369,0,3.5,4,0,0,0,0,12,0,0,71,0,-1,0,0,0,2,0,0,0,0,-1,0,69,0,1,4.116770320985208,3
370,0,4.5,30,0,0,0,0,8,0,0,129,0,-1,0,0,0,2,0,0,0,0,-1,0,69,0,7,34.2531640837121,3
371,0,5.0,2,0,0,0,0,9,0,0,29,0,-1,0,0,0,2,0,0,0,0,-1,0,69,0,14,2.463082579300581,3
372,0,4.5,7,0,0,0,0,7,0,0,81,0,-1,0,0,0,2,0,0,0,0,-1,0,69,0,8,8.220843404476987,3
373,0,4.0,12,0,0,0,0,11,1,0,5,0,-1,0,0,0,2,0,0,0,0,-1,0,69,0,6,13.420174127031592,3
374,0,4.5,6,0,0,0,0,8,3,0,37,0,-1,0,0,0,2,0,0,0,0,-1,0,69,0,3,7.326254559284331,3
375,0,4.5,36,0,0,0,0,11,0,0,5,0,-1,0,0,0,2,0,0,0,0,-1,0,69,0,6,39.90786309023633,3
376,0,4.0,17,0,0,0,0,9,0,0,43,1,-1,0,0,0,2,0,0,0,0,-1,0,69,0,11,20.71159214102664,3
377,0,4.5,97,0,0,0,0,13,0,0,18,0,-1,0,0,0,2,0,0,0,0,-1,0,69,0,7,106.27317510195772,3
378,0,5.0,13,0,0,0,0,11,1,0,5,0,-1,0,0,0,2,0,0,0,0,-1,0,69,0,6,14.352597057433147,3
379,0,-1.0,0,0,0,0,0,8,0,0,46,0,-1,0,0,0,2,0,0,0,0,-1,0,69,0,8,-1.0,3
380,0,5.0,12,0,0,0,0,8,0,0,5,0,-1,0,0,0,2,0,0,0,0,-1,0,69,0,6,12.118846133771912,3
381,0,4.5,11,0,0,0,0,6,0,0,11,0,-1,0,0,0,2,0,0,0,0,-1,0,69,0,2,11.157874719589445,3
382,0,4.5,69,0,0,0,0,12,0,0,5,0,-1,0,0,0,2,0,0,0,0,-1,0,69,0,6,77.53784886376718,4
383,0,4.5,9,0,0,0,0,9,1,0,23,0,-1,0,0,0,2,0,0,0,0,-1,0,69,0,4,10.6848476390123,4
384,0,4.0,22,0,0,0,0,4,1,0,2,1,-1,0,0,0,2,0,0,0,0,-1,0,69,0,6,24.426989334025063,4
385,0,4.5,48,0,0,0,0,7,0,0,5,0,-1,0,0,0,2,0,0,0,0,-1,0,69,0,7,54.622514050873534,4
386,0,4.0,68,0,0,0,0,9,0,0,5,0,-1,0,0,0,2,0,0,0,0,-1,0,69,0,7,87.00807795428146,4
387,0,-1.0,0,0,0,0,0,7,0,0,92,0,-1,0,0,0,2,0,0,0,0,-1,0,69,0,8,-1.0,4
388,0,4.5,28,0,0,0,0,9,2,0,79,1,-1,0,0,0,2,0,0,0,0,-1,0,69,0,12,32.56324109145674,4
389,0,-1.0,0,0,0,0,0,4,1,0,6,0,-1,0,0,0,2,0,0,0,0,-1,0,69,0,8,-1.0,4
390,0,5.0,3,0,0,0,0,13,2,0,117,0,-1,0,0,0,2,0,0,0,0,-1,0,69,0,8,3.7526210316446535,4
391,0,4.5,104,0,0,0,0,10,0,0,10,0,-1,0,0,0,2,0,0,0,0,-1,0,69,0,6,125.03419206991838,4
392,0,4.0,7,0,0,0,1,6,0,0,38,1,-1,0,0,0,2,0,0,0,0,-1,0,69,0,13,8.68274577182878,4
393,0,-1.0,0,0,0,0,1,5,0,0,81,0,-1,0,0,0,2,0,0,0,0,-1,0,69,0,8,-1.0,4
394,0,4.5,35,0,0,0,0,11,0,0,5,0,-1,0,0,0,2,0,0,0,0,-1,0,69,0,3,44.045858445326985,4
395,0,5.0,8,0,0,0,0,10,1,0,21,0,-1,0,0,0,1,0,0,0,0,-1,0,69,0,8,8.532634617256207,4
396,0,4.5,12,0,0,0,0,9,2,0,75,1,-1,0,0,0,0,0,0,0,0,-1,0,69,0,9,14.4768048360941,4
397,0,5.0,7,0,0,0,0,9,0,0,56,0,-1,0,0,0,2,0,0,0,0,-1,0,69,0,13,7.320468192356354,4
398,0,4.5,14,0,0,0,0,13,0,0,44,0,-1,0,0,0,2,0,0,0,0,-1,0,69,0,9,17.081065913928864,4
399,0,4.0,22,0,0,0,0,8,2,0,5,0,-1,0,0,0,2,0,0,0,0,-1,0,69,0,5,27.932364985976957,4
400,0,5.0,35,0,0,0,0,8,0,0,104,0,-1,0,0,0,2,0,0,0,0,-1,0,69,0,5,42.90274538075709,4
401,0,-1.0,0,0,0,0,1,13,1,0,296,0,-1,0,0,0,1,0,0,0,0,-1,0,69,0,15,-1.0,4
402,0,5.0,16,0,0,0,2,13,0,0,308,0,-1,0,0,0,2,0,0,0,0,-1,0,69,0,8,20.37843238183507,4
403,0,-1.0,0,0,0,0,1,10,0,0,31,0,-1,0,0,0,2,0,0,0,0,-1,0,69,0,3,-1.0,4
404,0,-1.0,0,0,0,0,0,2,6,0,13,0,-1,0,0,0,2,0,0,0,0,-1,0,69,0,7,-1.0,4
405,0,3.5,3,0,0,0,1,4,0,0,112,0,-1,0,0,0,2,0,0,0,0,-1,0,69,0,11,3.5834775363827474,4
406,0,5.0,4,0,0,0,0,11,1,0,135,0,-1,0,0,0,2,0,0,0,0,-1,0,69,0,7,4.887401075260985,4
407,0,-1.0,0,0,0,0,0,6,1,0,51,1,-1,0,0,0,2,0,0,0,0,-1,0,69,0,9,-1.0,4
408,0,5.0,19,0,0,0,0,11,0,0,37,0,-1,0,0,0,2,0,0,0,0,-1,0,69,0,11,20.385068824161497,4
409,0,5.0,2,0,0,0,2,7,1,0,5,0,-1,0,0,0,2,0,0,0,0,-1,0,69,0,13,2.274983750939908,4
410,0,4.0,12,0,0,0,0,10,2,0,5,0,-1,0,0,0,2,0,0,0,0,-1,0,69,0,5,12.467934969742855,4
411,0,5.0,2,0,0,0,0,8,0,0,306,0,-1,0,0,0,2,0,0,0,0,-1,0,69,0,10,2.0482380229480612,4
412,0,5.0,164,0,0,0,0,10,1,0,100,0,-1,0,0,0,2,0,0,0,0,-1,0,69,0,7,183.93431362457184,4
413,0,4.5,7,0,0,0,1,7,0,0,28,0,-1,0,0,0,2,0,0,0,0,-1,0,69,0,5,7.647164103306105,4
414,0,4.5,13,0,0,0,0,11,0,0,5,0,-1,0,0,0,2,0,0,0,0,-1,0,69,0,6,14.11993208526793,4
415,0,4.5,7,0,0,0,0,2,5,0,18,1,-1,0,0,0,2,0,0,0,0,-1,0,69,0,7,8.083417194861456,4
416,0,4.0,16,0,0,0,0,6,0,0,7,0,-1,0,0,0,2,0,0,0,0,-1,0,69,0,5,16.945239088329764,4
417,0,4.5,33,0,0,0,1,5,1,0,23,0,-1,0,0,0,2,0,0,0,0,-1,0,69,0,11,34.53308447442857,4
418,0,3.0,10,0,0,0,0,9,0,0,43,1,-1,0,0,0,2,0,0,0,0,-1,0,69,0,10,12.312952846708159,4
419,0,4.5,41,0,0,0,0,10,0,0,5,0,-1,0,0,0,2,0,0,0,0,-1,0,69,0,6,49.51656365332397,4
420,0,-1.0,0,0,0,0,0,12,3,0,88,0,-1,0,0,0,2,0,0,0,0,-1,0,69,0,5,-1.0,4
421,0,5.0,11,0,0,0,0,6,0,0,36,0,-1,0,0,0,2,0,0,0,0,-1,0,69,0,3,14.039567018512209,4
422,0,5.0,21,0,0,0,0,7,0,0,429,0,-1,0,0,0,2,0,0,0,0,-1,0,69,0,5,27.079138168666436,4
423,0,4.5,25,0,0,0,0,13,0,0,357,0,-1,0,0,0,2,0,0,0,0,-1,0,69,0,12,27.044567564475898,4
424,0,4.5,6,0,0,0,0,7,0,0,85,0,-1,0,0,0,2,0,0,0,0,-1,0,69,0,12,6.424556653730873,4
425,0,-1.0,0,0,0,0,0,6,6,0,51,0,-1,0,0,0,2,0,0,0,0,-1,0,69,0,4,-1.0,4
426,0,4.0,68,0,0,0,1,7,0,0,142,0,-1,0,0,0,2,0,0,0,0,-1,0,69,0,4,80.91925145803626,4
427,0,5.0,32,0,0,0,0,5,1,0,6,0,-1,0,0,0,2,0,0,0,0,-1,0,69,0,11,33.77846673935369,4
428,0,5.0,1,0,0,0,1,10,1,0,99,0,-1,0,0,0,2,0,0,0,0,-1,0,69,0,11,1.2462526353056067,4
429,0,4.5,34,0,0,0,0,8,3,0,187,0,-1,0,0,0,2,0,0,0,0,-1,0,69,0,14,35.93434030826022,4
430,0,5.0,36,0,0,0,0,7,2,0,293,1,-1,0,0,0,2,0,0,0,0,-1,0,69,0,10,37.5534523815125,4
431,0,4.0,22,0,0,0,0,5,0,0,5,1,-1,0,0,0,2,0,0,0,0,-1,0,69,0,4,23.578893599535725,4
432,0,3.0,36,0,0,0,0,11,1,0,191,0,-1,0,0,0,2,0,0,0,0,-1,0,69,0,6,37.64441092710763,4
433,0,5.0,5,0,0,0,0,7,1,0,59,0,-1,0,0,0,2,0,0,0,0,-1,0,69,0,12,5.963302242545404,4
434,0,5.0,19,0,0,0,0,10,0,0,5,0,-1,0,0,0,2,0,0,0,0,-1,0,69,0,6,19.421635413477688,4
435,0,-1.0,0,0,0,0,0,12,2,0,6,0,-1,0,0,0,2,0,0,0,0,-1,0,69,0,1,-1.0,4
436,0,4.5,71,0,0,0,0,11,0,0,5,0,-1,0,0,0,2,0,0,0,0,-1,0,69,0,3,82.30881144126909,4
437,0,4.0,32,0,0,0,0,11,0,0,5,0,-1,0,0,0,2,0,0,0,0,-1,0,69,0,6,39.747385477364695,4
438,0,5.0,64,0,0,0,0,5,1,0,5,0,-1,0,0,0,2,0,0,0,0,-1,0,69,0,5,81.55520473709385,4
439,0,4.5,37,0,0,0,0,11,1,0,5,0,-1,0,0,0,2,0,0,0,0,-1,0,69,0,6,46.79467564026836,4
440,0,5.0,18,0,0,0,0,11,2,0,5,0,-1,0,0,0,2,0,0,0,0,-1,0,69,0,5,20.502210179259496,4
441,0,5.0,41,0,0,0,1,5,0,0,176,0,-1,0,0,0,2,0,0,0,0,-1,0,69,0,8,46.176648821215615,4
442,0,4.0,77,0,0,0,0,11,0,0,5,0,-1,0,0,0,2,0,0,0,0,-1,0,69,0,2,89.39602786134432,4
443,0,4.5,17,0,0,0,0,12,1,0,5,0,-1,0,0,0,2,0,0,0,0,-1,0,69,0,6,20.34817606361054,4
444,0,4.5,192,0,0,0,0,11,0,0,109,0,-1,0,0,0,2,0,0,0,0,-1,0,69,0,6,239.45919043539988,4
445,0,-1.0,0,0,0,0,1,5,0,0,54,0,-1,0,0,0,2,0,0,0,0,-1,0,69,0,12,-1.0,4
446,0,4.5,107,0,0,0,0,11,0,0,5,0,-1,0,0,0,2,0,0,0,0,-1,0,69,0,2,123.79611401546967,4
447,0,4.5,18,0,0,0,0,11,0,0,5,0,-1,0,0,0,2,0,0,0,0,-1,0,69,0,3,18.139134433001615,4
448,0,5.0,67,0,0,0,1,6,0,0,78,0,-1,0,0,0,2,0,0,0,0,-1,0,69,0,6,81.18075055785951,4
449,0,4.5,13,0,0,0,0,7,1,0,6,0,-1,0,0,0,2,0,0,0,0,-1,0,69,0,11,13.739170055984374,4
450,0,4.5,52,0,0,0,0,6,0,0,5,0,-1,0,0,0,2,0,0,0,0,-1,0,69,0,7,65.72874191787903,4
451,0,5.0,1,0,0,0,0,9,1,0,12,0,-1,0,0,0,2,0,0,0,0,-1,0,69,0,1,1.152396348001762,4
452,0,5.0,2,0,0,0,0,2,3,0,246,0,-1,0,0,0,2,0,0,0,0,-1,0,69,0,4,2.2055397959738974,4
453,0,3.0,30,0,0,0,0,11,6,0,265,0,-1,0,0,0,2,0,0,0,0,-1,0,69,0,4,31.334437144045935,4
454,0,5.0,33,0,0,0,1,9,0,0,18,0,-1,0,0,0,2,0,0,0,0,-1,0,69,0,6,42.834545893727956,4
455,0,-1.0,0,0,0,0,0,11,0,0,7,0,-1,0,0,0,2,0,0,0,0,-1,0,69,0,7,-1.0,4
456,0,4.5,3,0,0,0,0,8,0,0,16,0,-1,0,0,0,2,0,0,0,0,-1,0,69,0,10,3.1322347096773164,4
457,0,4.0,88,0,0,0,0,11,1,0,360,0,-1,0,0,0,2,0,0,0,0,-1,0,69,0,9,104.00246250955203,4
458,0,4.0,10,0,0,0,0,11,1,0,5,0,-1,0,0,0,2,0,0,0,0,-1,0,69,0,6,12.431465006463547,4
459,0,4.5,16,0,0,0,0,7,1,0,82,1,-1,0,0,0,2,0,0,0,0,-1,0,69,0,15,18.12834947180776,4
460,0,-1.0,0,0,0,0,0,12,1,0,6,0,-1,0,0,0,2,0,0,0,0,-1,0,69,0,8,-1.0,4
461,0,5.0,4,0,0,0,1,9,1,0,45,0,-1,0,0,0,2,0,0,0,0,-1,0,69,0,7,4.067980118034575,4
462,0,3.0,1,0,0,0,0,9,0,0,42,1,-1,0,0,0,2,0,0,0,0,-1,0,69,0,9,1.1644081621426958,4
463,0,4.5,64,0,0,0,0,11,0,0,5,0,-1,0,0,0,2,0,0,0,0,-1,0,69,0,1,64.78082017956717,4
464,0,-1.0,0,0,0,0,0,10,0,0,58,0,-1,0,0,0,2,0,0,0,0,-1,0,69,0,4,-1.0,4
465,0,-1.0,0,0,0,0,0,11,2,0,120,0,-1,0,0,0,2,0,0,0,0,-1,0,69,0,3,-1.0,4
466,0,3.5,95,0,0,0,0,11,0,0,198,0,-1,0,0,0,2,0,0,0,0,-1,0,69,0,7,121.02390987273986,4
467,0,5.0,2,0,0,0,0,5,5,0,12,0,-1,0,0,0,2,0,0,0,0,-1,0,69,0,10,2.0806979087567554,4
468,0,4.0,9,0,0,0,0,3,2,0,5,0,-1,0,0,0,2,0,0,0,0,-1,0,69,0,4,9.313837997331037,4
469,0,4.0,35,0,0,0,0,10,0,0,70,0,-1,0,0,0,2,0,0,0,0,-1,0,69,0,1,38.723111858802625,4
470,0,5.0,3,0,0,0,1,13,0,0,60,0,-1,0,0,0,2,0,0,0,0,-1,0,69,0,7,3.196503625546823,4
471,0,4.5,61,0,0,0,0,11,0,0,100,0,-1,0,0,0,2,0,0,0,0,-1,0,69,0,5,61.266908693724226,4
472,0,4.0,12,0,0,0,0,9,0,0,41,1,-1,0,0,0,2,0,0,0,0,-1,0,69,0,7,12.499084361869894,4
473,0,4.0,16,0,0,0,0,10,0,0,14,0,-1,0,0,0,2,0,0,0,0,-1,0,69,0,4,18.152736532703592,4
474,0,4.5,27,0,0,0,0,13,0,0,39,0,-1,0,0,0,2,0,0,0,0,-1,0,69,0,4,34.10748971940015,4
475,0,4.5,133,0,0,0,2,11,1,0,148,0,-1,0,0,0,2,0,0,0,0,-1,0,69,0,9,151.99947503245266,4
476,0,-1.0,0,0,0,0,0,12,0,0,344,0,-1,0,0,0,2,0,0,0,0,-1,0,69,0,12,-1.0,4
477,0,5.0,6,0,0,0,0,13,1,0,6,0,-1,0,0,0,2,0,0,0,0,-1,0,69,0,12,7.781018445341692,5
478,0,4.5,68,0,0,0,0,9,0,0,5,0,-1,0,0,0,2,0,0,0,0,-1,0,69,0,2,69.19450277524139,5
479,0,-1.0,0,0,0,0,0,2,1,0,5,0,-1,0,0,0,2,0,0,0,0,-1,0,69,0,17,-1.0,5
480,0,5.0,9,0,0,0,0,10,2,0,5,0,-1,0,0,0,2,0,0,0,0,-1,0,69,0,5,11.644805467636107,5
481,0,4.5,5,0,0,0,0,11,0,0,128,0,-1,0,0,0,2,0,0,0,0,-1,0,69,0,10,5.3628665151899915,5
482,0,4.5,42,0,0,0,0,13,0,0,12,1,-1,0,0,0,2,0,0,0,0,-1,0,69,0,6,54.02180422946359,5
483,0,5.0,53,0,0,0,2,6,0,0,8,0,-1,0,0,0,2,0,0,0,0,-1,0,69,0,4,65.67500773660844,5
484,0,4.0,1,0,0,0,0,12,0,0,43,1,-1,0,0,0,2,0,0,0,0,-1,0,69,0,11,1.1783486937872105,5
485,0,-1.0,0,0,0,0,2,10,0,0,50,0,-1,0,0,0,2,0,0,0,0,-1,0,69,0,9,-1.0,5
486,0,-1.0,0,0,0,0,0,8,0,0,339,0,-1,0,0,0,2,0,0,0,0,-1,0,69,0,7,-1.0,5
487,0,5.0,12,0,0,0,1,10,0,0,118,1,-1,0,0,0,2,0,0,0,0,-1,0,69,0,15,12.967055221567126,5
488,0,4.0,13,0,0,0,0,10,2,0,5,0,-1,0,0,0,2,0,0,0,0,-1,0,69,0,5,16.27817547015984,5
489,0,5.0,19,0,0,0,2,6,0,0,66,0,-1,0,0,0,2,0,0,0,0,-1,0,69,0,7,20.218232053037795,5
490,0,4.5,124,0,0,0,0,6,0,0,102,0,-1,0,0,0,2,0,0,0,0,-1,0,69,0,7,155.0703476171952,5
491,0,5.0,18,0,0,0,0,9,1,0,103,0,-1,0,0,0,2,0,0,0,0,-1,0,69,0,10,23.06472766179781,5
492,0,4.0,4,0,0,0,0,9,2,0,5,0,-1,0,0,0,2,0,0,0,0,-1,0,69,0,5,4.299891396363816,5
493,0,5.0,5,0,0,0,1,13,0,0,67,0,-1,0,0,0,2,0,0,0,0,-1,0,69,0,7,5.9391989519591455,5
494,0,5.0,2,0,0,0,2,9,1,0,77,0,-1,0,0,0,1,0,0,0,0,-1,0,69,0,8,2.0213685360846405,5
495,0,4.5,25,0,0,0,0,11,0,0,5,0,-1,0,0,0,2,0,0,0,0,-1,0,69,0,6,31.369813389506575,5
496,0,4.5,26,0,0,0,0,11,3,0,248,0,-1,0,0,0,2,0,0,0,0,-1,0,69,0,14,27.580495882933345,5
497,0,-1.0,0,0,0,0,0,2,1,0,7,0,-1,0,0,0,2,0,0,0,0,-1,0,69,0,15,-1.0,5
498,0,4.5,13,0,0,0,2,9,0,0,29,0,-1,0,0,0,2,0,0,0,0,-1,0,69,0,5,15.821233202764756,5
499,0,-1.0,0,0,0,0,0,9,0,0,129,0,-1,0,0,0,2,0,0,0,0,-1,0,69,0,8,-1.0,5
500,0,5.0,12,0,0,0,0,8,1,0,117,1,-1,0,0,0,2,0,0,0,0,-1,0,69,0,17,12.985265508721294,5
501,0,-1.0,0,0,0,0,0,9,1,0,24,0,-1,0,0,0,2,0,0,0,0,-1,0,69,0,10,-1.0,5
502,0,5.0,9,0,0,0,0,11,0,0,5,0,-1,0,0,0,2,0,0,0,0,-1,0,69,0,6,10.402568048045714,5
503,0,-1.0,0,0,0,0,0,8,0,0,17,0,-1,0,0,0,2,0,0,0,0,-1,0,69,0,4,-1.0,5
504,0,5.0,4,0,0,0,0,13,1,0,58,0,-1,0,0,0,2,0,0,0,0,-1,0,69,0,5,5.055038205080131,5
505,0,4.5,28,0,0,0,0,11,0,0,5,0,-1,0,0,0,2,0,0,0,0,-1,0,69,0,3,28.30877840820466,5
506,0,4.5,6,0,0,0,0,12,2,0,553,0,-1,0,0,0,2,0,0,0,0,-1,0,69,0,9,6.6308915600849705,5
507,0,5.0,6,0,0,0,0,10,2,0,5,0,-1,0,0,0,2,0,0,0,0,-1,0,69,0,5,6.860820851832726,5
508,0,5.0,6,0,0,0,0,9,0,0,78,0,-1,0,0,0,2,0,0,0,0,-1,0,69,0,6,7.551521026155661,5
509,0,5.0,6,0,0,0,0,12,1,0,5,0,-1,0,0,0,2,0,0,0,0,-1,0,69,0,6,7.69656013659496,5
510,0,4.0,32,0,0,0,0,9,1,0,5,0,-1,0,0,0,2,0,0,0,0,-1,0,69,0,6,37.77315025318373,5
511,0,4.5,17,0,0,0,0,11,0,0,5,0,-1,0,0,0,2,0,0,0,0,-1,0,69,0,3,17.725614266660827,5
512,0,5.0,5,0,0,0,0,13,5,0,202,0,-1,0,0,0,2,0,0,0,0,-1,0,69,0,16,5.129589706954608,5
513,0,4.0,19,0,0,0,0,6,1,0,5,0,-1,0,0,0,2,0,0,0,0,-1,0,69,0,2,19.669823008020128,5
514,0,4.5,6,0,0,0,0,11,0,0,5,0,-1,0,0,0,2,0,0,0,0,-1,0,69,0,6,6.0194045237891585,5
515,0,5.0,5,0,0,0,0,10,0,0,22,0,-1,0,0,0,2,0,0,0,0,-1,0,69,0,9,5.009221099574143,5
516,0,5.0,12,0,0,0,0,10,0,0,36,0,-1,0,0,0,2,0,0,0,0,-1,0,69,0,7,13.215522204855581,5
517,0,5.0,14,0,0,0,0,13,0,0,112,0,-1,0,0,0,2,0,0,0,0,-1,0,69,0,7,16.31970581285111,5
518,0,5.0,114,0,0,0,1,11,0,0,17,0,-1,0,0,0,2,0,0,0,0,-1,0,69,0,4,130.4440866938226,5
519,0,4.0,13,0,0,0,0,6,0,0,22,1,-1,0,0,0,2,0,0,0,0,-1,0,69,0,12,14.101786967827724,5
520,0,5.0,11,0,0,0,1,11,0,0,75,0,-1,0,0,0,2,0,0,0,0,-1,0,69,0,8,11.21921750889585,5
521,0,5.0,8,0,0,0,0,10,0,0,34,0,-1,0,0,0,2,0,0,0,0,-1,0,69,0,5,9.111497569792729,5
522,0,5.0,4,0,0,0,1,13,0,0,84,0,-1,0,0,0,2,0,0,0,0,-1,0,69,0,8,4.982349622487444,5
523,0,5.0,2,0,0,0,0,9,2,0,48,1,-1,0,0,0,0,0,0,0,0,-1,0,69,0,6,2.135782816122767,5
524,0,4.5,9,0,0,0,2,7,0,0,67,0,-1,0,0,0,2,0,0,0,0,-1,0,69,0,7,10.423217166612876,5
525,0,4.5,2,0,0,0,0,11,0,0,107,0,-1,0,0,0,2,0,0,0,0,-1,0,69,0,6,2.0054187637440184,5
526,0,4.5,48,0,0,0,0,2,0,0,5,0,-1,0,0,0,2,0,0,0,0,-1,0,69,0,6,50.19798300399352,5
527,0,4.0,64,0,0,0,0,13,0,0,51,0,-1,0,0,0,2,0,0,0,0,-1,0,69,0,5,82.48985552170501,5
528,0,4.0,91,0,0,0,0,8,0,0,52,0,-1,0,0,0,2,0,0,0,0,-1,0,69,0,5,106.97478860674724,5
529,0,4.5,13,0,0,0,0,9,6,0,76,0,-1,0,0,0,2,0,0,0,0,-1,0,69,0,4,13.318698854045179,5
530,0,5.0,42,0,0,0,0,6,1,0,75,1,-1,0,0,0,2,0,0,0,0,-1,0,69,0,15,47.52956877815587,5
531,0,4.5,15,0,0,0,0,9,1,0,5,0,-1,0,0,0,2,0,0,0,0,-1,0,69,0,6,15.82447459490704,5
532,0,5.0,13,0,0,0,0,10,1,0,30,0,-1,0,0,0,2,0,0,0,0,-1,0,69,0,17,14.105290884137721,5
533,0,4.5,49,0,0,0,0,11,0,0,5,0,-1,0,0,0,2,0,0,0,0,-1,0,69,0,3,59.70946616018568,5
534,0,4.5,37,0,0,0,0,13,0,0,56,0,-1,0,0,0,2,0,0,0,0,-1,0,69,0,11,46.49297076863911,5
535,0,4.5,11,0,0,0,0,7,0,0,55,0,-1,0,0,0,2,0,0,0,0,-1,0,69,0,4,12.345313822701364,5
536,0,5.0,2,0,0,0,0,8,2,0,5,0,-1,0,0,0,2,0,0,0,0,-1,0,69,0,5,2.3630469065707547,5
537,0,4.5,31,0,0,0,0,11,0,0,69,0,-1,0,0,0,2,0,0,0,0,-1,0,69,0,9,33.560634549644604,5
538,0,-1.0,0,0,0,0,0,5,1,0,89,0,-1,0,0,0,2,0,0,0,0,-1,0,69,0,9,-1.0,5
539,0,-1.0,0,0,0,0,1,10,1,0,80,0,-1,0,0,0,1,0,0,0,0,-1,0,69,0,15,-1.0,5
540,0,4.5,13,0,0,0,0,9,0,0,6,0,-1,0,0,0,2,0,0,0,0,-1,0,69,0,4,16.761760875674074,5
541,0,4.5,6,0,0,0,0,5,1,0,55,1,-1,0,0,0,2,0,0,0,0,-1,0,69,0,12,7.232584924706889,5
542,0,5.0,6,0,0,0,0,13,1,0,22,1,-1,0,0,0,2,0,0,0,0,-1,0,69,0,7,6.704580377196132,5
543,0,4.5,28,0,0,0,0,9,2,0,5,0,-1,0,0,0,2,0,0,0,0,-1,0,69,0,5,32.68914804479412,5
544,0,4.5,31,0,0,0,0,3,0,0,5,0,-1,0,0,0,2,0,0,0,0,-1,0,69,0,7,38.193903774242756,5
545,0,4.0,42,0,0,0,0,9,1,0,55,1,-1,0,0,0,2,0,0,0,0,-1,0,69,0,5,53.95822574459797,5
546,0,3.5,25,0,0,0,0,5,1,0,13,0,-1,0,0,0,2,0,0,0,0,-1,0,69,0,10,30.463489201044464,5
547,0,-1.0,0,0,0,0,0,8,1,0,137,0,-1,0,0,0,2,0,0,0,0,-1,0,69,0,13,-1.0,5
548,0,5.0,94,0,0,0,0,11,0,0,100,0,-1,0,0,0,2,0,0,0,0,-1,0,69,0,5,101.1721030070379,5
549,0,5.0,1,0,0,0,0,8,1,0,5,0,-1,0,0,0,2,0,0,0,0,-1,0,69,0,11,1.1757443063261428,5
550,0,5.0,10,0,0,0,2,7,0,0,28,0,-1,0,0,0,2,0,0,0,0,-1,0,69,0,7,10.1571898048046,5
551,0,5.0,2,0,0,0,1,11,1,0,94,0,-1,0,0,0,2,0,0,0,0,-1,0,69,0,14,2.201308741973127,5
552,0,5.0,26,0,0,0,0,11,0,0,113,0,-1,0,0,0,2,0,0,0,0,-1,0,69,0,5,30.74084798225966,5
553,0,4.0,153,0,0,0,0,12,1,0,181,0,-1,0,0,0,2,0,0,0,0,-1,0,69,0,5,190.0095393412949,5
554,0,5.0,3,0,0,0,0,9,0,0,160,0,-1,0,0,0,2,0,0,0,0,-1,0,69,0,7,3.4063307326307575,5
555,0,-1.0,0,0,0,0,0,10,2,0,5,0,-1,0,0,0,2,0,0,0,0,-1,0,69,0,2,-1.0,5
556,0,-1.0,0,0,0,0,0,9,0,0,8,0,-1,0,0,0,2,0,0,0,0,-1,0,69,0,6,-1.0,5
557,0,4.5,68,0,0,0,0,8,0,0,5,0,-1,0,0,0,2,0,0,0,0,-1,0,69,0,6,76.8442178707393,5
558,0,4.5,60,0,0,0,0,10,0,0,41,0,-1,0,0,0,2,0,0,0,0,-1,0,69,0,9,64.936897127206,5
559,0,4.5,96,0,0,0,2,13,5,0,71,0,-1,0,0,0,2,0,0,0,0,-1,0,69,0,4,105.51691841314224,5
560,0,4.5,51,0,0,0,0,13,0,0,20,0,-1,0,0,0,2,0,0,0,0,-1,0,69,0,9,62.599143543679446,5
561,0,4.5,60,0,0,0,0,11,0,0,19,0,-1,0,0,0,2,0,0,0,0,-1,0,69,0,13,60.223239691580766,5
562,0,4.5,43,0,0,0,0,10,0,0,55,1,-1,0,0,0,2,0,0,0,0,-1,0,69,0,8,48.72174727807105,5
563,0,4.0,28,0,0,0,0,9,1,0,5,0,-1,0,0,0,2,0,0,0,0,-1,0,69,0,6,33.224277984629836,5
564,0,4.5,30,0,0,0,0,12,1,0,40,0,-1,0,0,0,2,0,0,0,0,-1,0,69,0,1,34.116944365199544,5
565,0,5.0,4,0,0,0,0,13,1,0,64,0,-1,0,0,0,1,0,0,0,0,-1,0,69,0,14,4.323655080373493,5
566,0,5.0,13,0,0,0,0,7,0,0,7,0,-1,0,0,0,2,0,0,0,0,-1,0,69,0,9,15.90532913649345,5
567,0,4.5,46,0,0,0,0,2,0,0,5,0,-1,0,0,0,2,0,0,0,0,-1,0,69,0,10,54.520393936590075,5
568,0,5.0,2,0,0,0,0,11,0,0,107,0,-1,0,0,0,2,0,0,0,0,-1,0,69,0,6,2.5291113816131157,5
569,0,4.0,7,0,0,0,1,12,0,0,47,0,-1,0,0,0,2,0,0,0,0,-1,0,69,0,7,7.583888581297728,5
570,0,4.5,42,0,0,0,0,12,0,0,100,0,-1,0,0,0,2,0,0,0,0,-1,0,69,0,5,44.33603619109167,5
571,0,3.5,179,0,0,0,0,11,0,0,15,0,-1,0,0,0,2,0,0,0,0,-1,0,69,0,4,203.19232217755044,5
572,0,5.0,10,0,0,0,1,5,1,0,27,0,-1,0,0,0,1,0,0,0,0,-1,0,69,0,14,11.803382483895984,6
573,0,5.0,18,0,0,0,0,7,1,0,131,0,-1,0,0,0,2,0,0,0,0,-1,0,69,0,11,19.14596800062128,6
574,0,5.0,14,0,0,0,2,11,0,0,120,1,-1,0,0,0,1,0,0,0,0,-1,0,69,0,14,17.255155727319433,6
575,0,5.0,22,0,0,0,0,11,0,0,5,0,-1,0,0,0,2,0,0,0,0,-1,0,69,0,6,26.83755237821747,6
576,0,-1.0,0,0,0,0,0,13,1,0,6,0,-1,0,0,0,2,0,0,0,0,-1,0,69,0,8,-1.0,6
577,0,4.0,124,0,0,0,0,11,0,0,5,0,-1,0,0,0,2,0,0,0,0,-1,0,69,0,2,145.42040533816274,6
578,0,3.5,16,0,0,0,0,4,0,0,7,0,-1,0,0,0,2,0,0,0,0,-1,0,69,0,3,19.324531630823998,6
579,0,4.5,3,0,0,0,1,10,1,0,35,0,-1,0,0,0,2,0,0,0,0,-1,0,69,0,10,3.342028189353142,6
580,0,-1.0,0,0,0,0,0,5,1,0,72,0,-1,0,0,0,1,0,0,0,0,-1,0,69,0,16,-1.0,6
581,0,-1.0,0,0,0,0,0,6,0,0,349,0,-1,0,0,0,2,0,0,0,0,-1,0,69,0,15,-1.0,6
582,0,4.5,74,0,0,0,0,12,0,0,113,0,-1,0,0,0,2,0,0,0,0,-1,0,69,0,5,81.98420709625718,6
583,0,4.5,38,0,0,0,1,8,0,0,102,0,-1,0,0,0,2,0,0,0,0,-1,0,69,0,8,41.88528981178533,6
584,0,4.5,34,0,0,0,0,13,1,0,35,0,-1,0,0,0,1,0,0,0,0,-1,0,69,0,11,34.9060332206582,6
585,0,5.0,14,0,0,0,0,10,1,0,5,0,-1,0,0,0,2,0,0,0,0,-1,0,69,0,6,15.07449700941601,6
586,0,-1.0,0,0,0,0,0,2,6,0,8,0,-1,0,0,0,2,0,0,0,0,-1,0,69,0,7,-1.0,6
587,0,4.5,32,0,0,0,2,8,1,0,264,0,-1,0,0,0,2,0,0,0,0,-1,0,69,0,12,40.06024040725789,6
588,0,4.5,59,0,0,0,0,11,0,0,5,0,-1,0,0,0,2,0,0,0,0,-1,0,69,0,6,59.11517539405883,6
589,0,4.5,3,0,0,0,0,11,0,0,18,0,-1,0,0,0,2,0,0,0,0,-1,0,69,0,6,3.445134465247448,6
590,0,5.0,24,0,0,0,0,4,1,0,16,0,-1,0,0,0,2,0,0,0,0,-1,0,69,0,14,28.559599617864023,6
591,0,4.5,58,0,0,0,0,5,1,0,5,0,-1,0,0,0,2,0,0,0,0,-1,0,69,0,8,70.76722515989738,6
592,0,5.0,17,0,0,0,0,11,1,0,5,0,-1,0,0,0,2,0,0,0,0,-1,0,69,0,6,17.847009059225602,6
593,0,4.5,41,0,0,0,0,10,0,0,113,0,-1,0,0,0,2,0,0,0,0,-1,0,69,0,5,43.01819699422647,6
594,0,5.0,3,0,0,0,0,10,1,0,15,0,-1,0,0,0,2,0,0,0,0,-1,0,69,0,10,3.4007859266364893,6
595,0,5.0,11,0,0,0,0,8,2,0,5,0,-1,0,0,0,2,0,0,0,0,-1,0,69,0,5,11.285465978760701,6
596,0,5.0,53,0,0,0,0,4,6,0,11,0,-1,0,0,0,2,0,0,0,0,-1,0,69,0,5,54.6011821660941,6
597,0,4.5,55,0,0,0,0,11,1,0,5,0,-1,0,0,0,2,0,0,0,0,-1,0,69,0,6,61.80870407476463,6
598,0,5.0,2,0,0,0,0,6,1,0,30,0,-1,0,0,0,2,0,0,0,0,-1,0,69,0,12,2.500401056896269,6
599,0,5.0,7,0,0,0,1,11,2,0,74,1,-1,0,0,0,2,0,0,0,0,-1,0,69,0,10,7.679696093518055,6
600,0,4.5,128,0,0,0,1,11,0,0,24,0,-1,0,0,0,2,0,0,0,0,-1,0,69,0,4,138.73721949038605,6
601,0,3.5,8,0,0,0,1,11,0,0,44,0,-1,0,0,0,2,0,0,0,0,-1,0,69,0,5,8.696532981720743,6
602,0,4.5,10,0,0,0,2,6,0,0,21,0,-1,0,0,0,2,0,0,0,0,-1,0,69,0,9,10.399579422212557,6
603,0,4.5,26,0,0,0,0,11,0,0,5,0,-1,0,0,0,2,0,0,0,0,-1,0,69,0,6,29.132174049467228,6
604,0,-1.0,0,0,0,0,0,11,0,0,107,0,-1,0,0,0,2,0,0,0,0,-1,0,69,0,7,-1.0,6
605,0,-1.0,0,0,0,0,1,5,1,0,133,1,-1,0,0,0,2,0,0,0,0,-1,0,69,0,15,-1.0,6
606,0,5.0,1,0,0,0,0,12,0,0,92,0,-1,0,0,0,2,0,0,0,0,-1,0,69,0,9,1.1790312403772312,6
607,0,-1.0,0,0,0,0,0,10,1,0,8,0,-1,0,0,0,2,0,0,0,0,-1,0,69,0,9,-1.0,6
608,0,5.0,1,0,0,0,0,10,2,0,5,0,-1,0,0,0,2,0,0,0,0,-1,0,69,0,5,1.0140003496895191,6
609,0,4.0,56,0,0,0,0,13,0,0,38,0,-1,0,0,0,2,0,0,0,0,-1,0,69,0,5,67.75344723802512,6
610,0,5.0,12,0,0,0,0,10,0,0,32,0,-1,0,0,0,2,0,0,0,0,-1,0,69,0,2,12.017275011627166,6
611,0,5.0,13,0,0,0,0,13,1,0,50,0,-1,0,0,0,2,0,0,0,0,-1,0,69,0,12,14.807749420807804,6
612,0,-1.0,0,0,0,0,0,2,0,0,8,0,-1,0,0,0,2,0,0,0,0,-1,0,69,0,6,-1.0,6
613,0,4.5,30,0,0,0,0,12,0,0,113,0,-1,0,0,0,2,0,0,0,0,-1,0,69,0,5,34.26220081553774,6
614,0,5.0,41,0,0,0,1,8,1,0,89,0,-1,0,0,0,2,0,0,0,0,-1,0,69,0,10,51.93581128267488,6
615,0,4.5,13,0,0,0,0,10,2,0,5,0,-1,0,0,0,2,0,0,0,0,-1,0,69,0,2,14.00271355272616,6
616,0,4.0,26,0,0,0,0,7,0,0,42,0,-1,0,0,0,2,0,0,0,0,-1,0,69,0,1,26.892036941037535,6
617,0,4.0,5,0,0,0,0,7,0,0,75,0,-1,0,0,0,2,0,0,0,0,-1,0,69,0,7,5.037793894318559,6
618,0,4.5,11,0,0,0,2,8,0,0,60,0,-1,0,0,0,2,0,0,0,0,-1,0,69,0,7,11.90595033105879,6
619,0,4.5,12,0,0,0,0,9,3,0,89,0,-1,0,0,0,2,0,0,0,0,-1,0,69,0,10,15.597823818020435,6
620,0,4.5,28,0,0,0,0,9,0,0,27,0,-1,0,0,0,2,0,0,0,0,-1,0,69,0,7,36.266927294395494,6
621,0,4.5,7,0,0,0,0,7,2,0,5,0,-1,0,0,0,2,0,0,0,0,-1,0,69,0,5,7.452589268533895,6
622,0,5.0,6,0,0,0,0,10,0,0,34,0,-1,0,0,0,2,0,0,0,0,-1,0,69,0,5,6.362120391081994,6
623,0,4.5,135,0,0,0,0,6,6,0,222,0,-1,0,0,0,2,0,0,0,0,-1,0,69,0,5,147.37573460509816,6
624,0,-1.0,0,0,0,0,0,12,1,0,6,0,-1,0,0,0,2,0,0,0,0,-1,0,69,0,10,-1.0,6
625,0,4.5,80,0,0,0,0,11,2,0,5,0,-1,0,0,0,2,0,0,0,0,-1,0,69,0,5,90.38648260332808,6
626,0,5.0,14,0,0,0,0,2,5,0,5,0,-1,0,0,0,2,0,0,0,0,-1,0,69,0,6,14.727005845806282,6
627,0,4.5,80,0,0,0,1,9,1,0,86,1,-1,0,0,0,2,0,0,0,0,-1,0,69,0,13,86.97244257785167,6
628,0,4.5,42,0,0,0,0,12,0,0,19,0,-1,0,0,0,2,0,0,0,0,-1,0,69,0,12,45.91815927110145,6
629,0,4.0,23,0,0,0,0,11,0,0,5,0,-1,0,0,0,2,0,0,0,0,-1,0,69,0,6,24.86972661786547,6
630,0,4.5,30,0,0,0,0,11,0,0,176,0,-1,0,0,0,2,0,0,0,0,-1,0,69,0,7,35.027408974487855,6
631,0,4.0,100,0,0,0,0,13,1,0,114,0,-1,0,0,0,2,0,0,0,0,-1,0,69,0,8,108.44136591920264,6
632,0,4.5,2,0,0,0,0,12,2,0,5,0,-1,0,0,0,2,0,0,0,0,-1,0,69,0,5,2.5242533453329243,6
633,0,-1.0,0,0,0,0,0,6,0,0,5,0,-1,0,0,0,2,0,0,0,0,-1,0,69,0,7,-1.0,6
634,0,4.5,7,0,0,0,1,8,0,0,57,0,-1,0,0,0,2,0,0,0,0,-1,0,69,0,13,7.632713364806864,6
635,0,5.0,6,0,0,0,0,10,0,0,36,0,-1,0,0,0,2,0,0,0,0,-1,0,69,0,7,7.243104336319382,6
636,0,4.5,4,0,0,0,0,8,1,0,39,0,-1,0,0,0,2,0,0,0,0,-1,0,69,0,11,4.005443029134752,6
637,0,5.0,5,0,0,0,0,6,0,0,137,0,-1,0,0,0,2,0,0,0,0,-1,0,69,0,4,5.57889370256637,6
638,0,5.0,32,0,0,0,0,7,0,0,8,0,-1,0,0,0,2,0,0,0,0,-1,0,69,0,9,38.68961749246552,6
639,0,4.5,7,0,0,0,2,10,0,0,66,0,-1,0,0,0,2,0,0,0,0,-1,0,69,0,7,7.161630760936793,6
640,0,4.5,91,0,0,0,0,11,0,0,5,0,-1,0,0,0,2,0,0,0,0,-1,0,69,0,4,104.21081409790618,6
641,0,3.5,7,0,0,0,0,6,1,0,5,0,-1,0,0,0,2,0,0,0,0,-1,0,69,0,13,7.9495154479570616,6
642,0,4.5,35,0,0,0,1,11,0,0,13,0,-1,0,0,0,2,0,0,0,0,-1,0,69,0,4,45.18810159974974,6
643,0,5.0,4,0,0,0,0,10,0,0,5,0,-1,0,0,0,2,0,0,0,0,-1,0,69,0,6,4.138608547192552,6
644,0,4.5,62,0,0,0,0,11,0,0,46,0,-1,0,0,0,2,0,0,0,0,-1,0,69,0,2,79.63971076235126,6
645,0,3.0,60,0,0,0,0,12,0,0,191,0,-1,0,0,0,2,0,0,0,0,-1,0,69,0,3,77.05551380530302,6
646,0,4.5,14,0,0,0,2,7,2,0,104,0,-1,0,0,0,2,0,0,0,0,-1,0,69,0,8,17.35411594743551,6
647,0,-1.0,0,0,0,0,0,9,1,0,91,0,-1,0,0,0,2,0,0,0,0,-1,0,69,0,11,-1.0,6
648,0,4.5,10,0,0,0,0,7,0,0,106,0,-1,0,0,0,2,0,0,0,0,-1,0,69,0,7,12.85152194120572,6
649,0,5.0,4,0,0,0,0,8,0,0,55,1,-1,0,0,0,2,0,0,0,0,-1,0,69,0,12,4.625038763059814,6
650,0,5.0,19,0,0,0,0,9,0,0,5,0,-1,0,0,0,2,0,0,0,0,-1,0,69,0,6,21.675023373417787,6
651,0,4.0,6,0,0,0,0,10,0,0,1,1,-1,0,0,0,2,0,0,0,0,-1,0,69,0,5,6.171861761263248,6
652,0,5.0,12,0,0,0,0,13,1,0,57,1,-1,0,0,0,2,0,0,0,0,-1,0,69,0,12,14.39652552534426,6
653,0,5.0,11,0,0,0,0,10,1,0,111,0,-1,0,0,0,2,0,0,0,0,-1,0,69,0,6,12.504112889257229,6
654,0,3.5,10,0,0,0,0,7,6,0,9,0,-1,0,0,0,2,0,0,0,0,-1,0,69,0,6,12.066184473923833,6
655,0,-1.0,0,0,0,0,1,6,1,0,70,1,-1,0,0,0,2,0,0,0,0,-1,0,69,0,7,-1.0,6
656,0,4.0,3,0,0,0,1,5,0,0,76,0,-1,0,0,0,2,0,0,0,0,-1,0,69,0,7,3.0401470352052558,6
657,0,5.0,2,0,0,0,0,11,1,0,9,1,-1,0,0,0,1,0,0,0,0,-1,0,69,0,13,2.3163442502768463,6
658,0,3.5,3,0,0,0,0,9,0,0,42,1,-1,0,0,0,2,0,0,0,0,-1,0,69,0,9,3.8575670385152314,6
659,0,5.0,5,0,0,0,1,11,2,0,159,0,-1,0,0,0,2,0,0,0,0,-1,0,69,0,5,5.985544081870629,6
660,0,4.0,20,0,0,0,0,11,1,0,5,0,-1,0,0,0,2,0,0,0,0,-1,0,69,0,6,23.277226117636648,6
661,0,5.0,5,0,0,0,0,11,2,0,5,0,-1,0,0,0,2,0,0,0,0,-1,0,69,0,5,5.587756624358498,6
662,0,4.5,7,0,0,0,0,5,2,0,114,0,-1,0,0,0,2,0,0,0,0,-1,0,69,0,1,8.401557689846102,6
663,0,3.5,3,0,0,0,1,9,0,0,5,0,-1,0,0,0,2,0,0,0,0,-1,0,69,0,4,3.845461671404795,6
664,0,5.0,29,0,0,0,1,9,0,0,102,0,-1,0,0,0,2,0,0,0,0,-1,0,69,0,9,32.619766775644585,6
665,0,4.5,15,0,0,0,0,7,0,0,43,0,-1,0,0,0,2,0,0,0,0,-1,0,69,0,6,16.47454523356884,6
666,0,4.0,55,0,0,0,0,9,0,0,5,0,-1,0,0,0,2,0,0,0,0,-1,0,69,0,3,56.673592960878096,6
667,0,3.0,2,0,0,0,0,10,0,0,6,0,-1,0,0,0,2,0,0,0,0,-1,0,69,0,5,2.2015402906757418,6
668,0,-1.0,0,0,0,0,0,11,0,0,37,0,-1,0,0,0,1,0,0,0,0,-1,0,69,0,13,-1.0,7
669,0,2.5,4,0,0,0,0,6,0,0,37,1,-1,0,0,0,2,0,0,0,0,-1,0,69,0,9,4.339599960825671,7
670,0,4.5,7,0,0,0,0,12,0,0,34,0,-1,0,0,0,2,0,0,0,0,-1,0,69,0,5,8.861827078794015,7
671,0,4.5,48,0,0,0,0,7,1,0,5,0,-1,0,0,0,2,0,0,0,0,-1,0,69,0,8,51.144072294806335,7
672,0,5.0,1,0,0,0,1,13,1,0,171,1,-1,0,0,0,1,0,0,0,0,-1,0,69,0,15,1.28314575505979,7
673,0,4.5,115,0,0,0,0,12,0,0,100,0,-1,0,0,0,2,0,0,0,0,-1,0,69,0,5,119.44230700106056,7
674,0,5.0,19,0,0,0,0,7,1,0,61,1,-1,0,0,0,2,0,0,0,0,-1,0,69,0,12,22.22629100576929,7
675,0,4.5,31,0,0,0,0,10,0,0,5,0,-1,0,0,0,2,0,0,0,0,-1,0,69,0,6,39.1137011005257,7
676,0,4.5,11,0,0,0,0,6,0,0,5,0,-1,0,0,0,2,0,0,0,0,-1,0,69,0,6,13.377993094274778,7
677,0,4.5,6,0,0,0,0,10,2,0,5,0,-1,0,0,0,2,0,0,0,0,-1,0,69,0,5,6.732989472422416,7
678,0,4.5,96,0,0,0,0,11,0,0,19,0,-1,0,0,0,2,0,0,0,0,-1,0,69,0,5,111.78838555829071,7
679,0,4.5,2,0,0,0,1,4,0,0,106,1,-1,0,0,0,2,0,0,0,0,-1,0,69,0,9,2.254575386407336,7
680,0,4.5,9,0,0,0,0,10,0,0,32,0,-1,0,0,0,2,0,0,0,0,-1,0,69,0,3,10.999267915451153,7
681,0,4.0,3,0,0,0,0,13,0,0,36,0,-1,0,0,0,2,0,0,0,0,-1,0,69,0,4,3.1267596077894377,7
682,0,4.0,127,0,0,0,0,13,1,0,167,0,-1,0,0,0,1,0,0,0,0,-1,0,69,0,14,137.18970246527576,7
683,0,4.0,84,0,0,0,0,11,0,0,5,0,-1,0,0,0,2,0,0,0,0,-1,0,69,0,1,92.16867841235711,7
684,0,-1.0,0,0,0,0,2,6,1,0,27,1,-1,0,0,0,2,0,0,0,0,-1,0,69,0,8,-1.0,7
685,0,5.0,5,0,0,0,0,11,0,0,33,0,-1,0,0,0,2,0,0,0,0,-1,0,69,0,1,6.367694175444296,7
686,0,5.0,17,0,0,0,1,6,1,0,24,1,-1,0,0,0,2,0,0,0,0,-1,0,69,0,9,18.181785990876847,7
687,0,-1.0,0,0,0,0,0,12,5,0,5,0,-1,0,0,0,2,0,0,0,0,-1,0,69,0,9,-1.0,7
688,0,2.0,1,0,0,0,0,12,1,0,92,0,-1,0,0,0,1,0,0,0,0,-1,0,69,0,5,1.0349885960189922,7
689,0,5.0,2,0,0,0,0,8,0,0,18,1,-1,0,0,0,2,0,0,0,0,-1,0,69,0,11,2.187951900920824,7
690,0,-1.0,0,0,0,0,0,10,1,0,56,0,-1,0,0,0,2,0,0,0,0,-1,0,69,0,16,-1.0,7
691,0,-1.0,0,0,0,0,0,8,0,0,45,0,-1,0,0,0,2,0,0,0,0,-1,0,69,0,1,-1.0,7
692,0,5.0,23,0,0,0,2,8,6,0,68,0,-1,0,0,0,2,0,0,0,0,-1,0,69,0,7,29.473814777950135,7
693,0,4.5,35,0,0,0,0,11,0,0,5,0,-1,0,0,0,2,0,0,0,0,-1,0,69,0,3,35.524484353879984,7
694,0,4.5,78,0,0,0,0,5,0,0,5,0,-1,0,0,0,2,0,0,0,0,-1,0,69,0,7,88.22696139902561,7
695,0,-1.0,0,0,0,0,0,12,1,0,88,0,-1,0,0,0,2,0,0,0,0,-1,0,69,0,5,-1.0,7
696,0,4.5,7,0,0,0,0,12,0,0,34,0,-1,0,0,0,2,0,0,0,0,-1,0,69,0,5,7.543461226158887,7
697,0,5.0,1,0,0,0,0,11,0,0,5,0,-1,0,0,0,2,0,0,0,0,-1,0,69,0,1,1.2495371980542962,7
698,0,-1.0,0,0,0,0,0,9,0,0,5,0,-1,0,0,0,2,0,0,0,0,-1,0,69,0,1,-1.0,7
699,0,5.0,7,0,0,0,0,10,0,0,22,0,-1,0,0,0,2,0,0,0,0,-1,0,69,0,6,7.207117532469621,7
700,0,5.0,12,0,0,0,0,6,1,0,29,0,-1,0,0,0,1,0,0,0,0,-1,0,69,0,10,14.033431801715704,7
701,0,-1.0,0,0,0,0,0,2,1,0,7,0,-1,0,0,0,2,0,0,0,0,-1,0,69,0,8,-1.0,7
702,0,5.0,36,0,0,0,0,5,0,0,86,0,-1,0,0,0,2,0,0,0,0,-1,0,69,0,7,43.457414360749134,7
703,0,5.0,8,0,0,0,0,13,0,0,30,0,-1,0,0,0,2,0,0,0,0,-1,0,69,0,8,8.283827083725878,7
704,0,5.0,1,0,0,0,0,2,0,0,8,0,-1,0,0,0,2,0,0,0,0,-1,0,69,0,6,1.2110677865602981,7
705,0,4.5,14,0,0,0,0,11,0,0,5,0,-1,0,0,0,2,0,0,0,0,-1,0,69,0,6,16.069179404777366,7
706,0,4.5,11,0,0,0,0,10,1,0,5,0,-1,0,0,0,2,0,0,0,0,-1,0,69,0,6,12.53736403889106,7
707,0,5.0,14,0,0,0,0,12,0,0,34,0,-1,0,0,0,2,0,0,0,0,-1,0,69,0,5,14.338422601161868,7
708,0,4.0,121,0,0,0,0,10,0,0,10,0,-1,0,0,0,2,0,0,0,0,-1,0,69,0,6,122.14513502531149,7
709,0,4.5,83,0,0,0,0,11,1,0,190,0,-1,0,0,0,2,0,0,0,0,-1,0,69,0,11,105.19078696710291,7
710,0,3.5,14,0,0,0,0,10,0,0,5,0,-1,0,0,0,2,0,0,0,0,-1,0,69,0,6,14.309028319984826,7
711,0,4.5,210,0,0,0,1,11,0,0,24,0,-1,0,0,0,2,0,0,0,0,-1,0,69,0,4,257.39223708391233,7
712,0,4.5,35,0,0,0,0,12,0,0,100,0,-1,0,0,0,2,0,0,0,0,-1,0,69,0,1,42.76900730277497,7
713,0,4.5,69,0,0,0,0,11,6,0,5,0,-1,0,0,0,2,0,0,0,0,-1,0,69,0,2,73.45454903611612,7
714,0,5.0,6,0,0,0,0,11,0,0,5,0,-1,0,0,0,2,0,0,0,0,-1,0,69,0,11,7.484425172462364,7
715,0,4.5,12,0,0,0,0,7,0,0,67,0,-1,0,0,0,2,0,0,0,0,-1,0,69,0,5,14.79509155875113,7
716,0,5.0,7,0,0,0,0,9,2,0,5,0,-1,0,0,0,2,0,0,0,0,-1,0,69,0,5,8.632421255504255,7
717,0,4.5,58,0,0,0,0,11,0,0,5,0,-1,0,0,0,2,0,0,0,0,-1,0,69,0,3,60.31382689759346,7
718,0,4.0,16,0,0,0,0,12,1,0,235,0,-1,0,0,0,2,0,0,0,0,-1,0,69,0,10,18.14752995346109,7
719,0,-1.0,0,0,0,0,0,11,1,0,75,0,-1,0,0,0,2,0,0,0,0,-1,0,69,0,13,-1.0,7
720,0,4.5,18,0,0,0,0,11,0,0,5,0,-1,0,0,0,2,0,0,0,0,-1,0,69,0,6,20.74350263975093,7
721,0,3.5,11,0,0,0,0,9,0,0,64,0,-1,0,0,0,2,0,0,0,0,-1,0,69,0,2,11.495966674373184,7
722,0,3.5,21,0,0,0,0,13,0,0,85,0,-1,0,0,0,2,0,0,0,0,-1,0,69,0,4,24.35006984067803,7
723,0,4.0,53,0,0,0,2,9,0,0,96,0,-1,0,0,0,2,0,0,0,0,-1,0,69,0,7,63.84686514363717,7
724,0,-1.0,0,0,0,0,1,13,2,0,94,0,-1,0,0,0,2,0,0,0,0,-1,0,69,0,6,-1.0,7
725,0,4.0,15,0,0,0,0,10,0,0,5,0,-1,0,0,0,2,0,0,0,0,-1,0,69,0,3,17.831613977918092,7
726,0,3.0,2,0,0,0,0,10,2,0,5,0,-1,0,0,0,2,0,0,0,0,-1,0,69,0,5,2.5611570351845376,7
727,0,-1.0,0,0,0,0,0,2,1,0,15,0,-1,0,0,0,2,0,0,0,0,-1,0,69,0,7,-1.0,7
728,0,2.0,2,0,0,0,0,10,0,0,5,0,-1,0,0,0,2,0,0,0,0,-1,0,69,0,6,2.0317477902477488,7
729,0,-1.0,0,0,0,0,0,13,0,0,86,0,-1,0,0,0,2,0,0,0,0,-1,0,69,0,1,-1.0,7
730,0,4.5,21,0,0,0,0,11,0,0,5,0,-1,0,0,0,2,0,0,0,0,-1,0,69,0,6,22.038429109640937,7
731,0,4.5,19,0,0,0,0,6,0,0,48,0,-1,0,0,0,2,0,0,0,0,-1,0,69,0,9,20.366417402606633,7
732,0,3.5,21,0,0,0,1,11,0,0,33,0,-1,0,0,0,2,0,0,0,0,-1,0,69,0,2,21.723143895353683,7
733,0,3.0,1,0,0,0,0,7,0,0,57,1,-1,0,0,0,2,0,0,0,0,-1,0,69,0,15,1.109540032058017,7
734,0,5.0,44,0,0,0,0,7,0,0,153,0,-1,0,0,0,2,0,0,0,0,-1,0,69,0,10,52.628144485422936,7
735,0,4.0,14,0,0,0,0,8,0,0,133,0,-1,0,0,0,2,0,0,0,0,-1,0,69,0,7,18.196860213000026,7
736,0,5.0,4,0,0,0,0,13,0,0,128,0,-1,0,0,0,2,0,0,0,0,-1,0,69,0,10,4.750316908509066,7
737,0,4.0,69,0,0,0,0,11,0,0,5,0,-1,0,0,0,2,0,0,0,0,-1,0,69,0,6,80.07239771892033,7
738,0,4.0,26,0,0,0,0,13,0,0,46,0,-1,0,0,0,2,0,0,0,0,-1,0,69,0,9,30.504106617126684,7
739,0,5.0,1,0,0,0,0,12,1,0,191,1,-1,0,0,0,2,0,0,0,0,-1,0,69,0,16,1.1775143176673548,7
740,0,3.5,38,0,0,0,0,13,0,0,46,0,-1,0,0,0,2,0,0,0,0,-1,0,69,0,9,48.8122936043341,7
741,0,4.5,64,0,0,0,0,11,0,0,5,0,-1,0,0,0,2,0,0,0,0,-1,0,69,0,6,77.67732735330023,7
742,0,4.0,142,0,0,0,0,13,1,0,210,0,-1,0,0,0,2,0,0,0,0,-1,0,69,0,3,182.8289708921254,7
743,0,4.0,13,0,0,0,0,11,2,0,5,0,-1,0,0,0,2,0,0,0,0,-1,0,69,0,5,16.569564504780118,7
744,0,4.5,22,0,0,0,0,11,0,0,5,0,-1,0,0,0,2,0,0,0,0,-1,0,69,0,6,27.82168399105828,7
745,0,4.5,62,0,0,0,0,8,0,0,18,0,-1,0,0,0,2,0,0,0,0,-1,0,69,0,6,69.04386205246313,7
746,0,3.5,5,0,0,0,0,10,2,0,5,0,-1,0,0,0,2,0,0,0,0,-1,0,69,0,5,5.315622534754837,7
747,0,5.0,232,0,0,0,2,11,2,0,102,1,-1,0,0,0,2,0,0,0,0,-1,0,69,0,9,268.75867262447844,7
748,0,5.0,4,0,0,0,0,10,0,0,33,0,-1,0,0,0,2,0,0,0,0,-1,0,69,0,2,4.09437607885185,7
749,0,5.0,1,0,0,0,1,13,2,0,47,0,-1,0,0,0,2,0,0,0,0,-1,0,69,0,2,1.2191137943466772,7
750,0,3.5,4,0,0,0,0,6,0,0,49,1,-1,0,0,0,2,0,0,0,0,-1,0,69,0,14,4.735930102631593,7
751,0,4.5,18,0,0,0,0,10,1,0,5,0,-1,0,0,0,2,0,0,0,0,-1,0,69,0,6,22.42145567744151,7
752,0,4.0,4,0,0,0,0,8,0,0,147,0,-1,0,0,0,2,0,0,0,0,-1,0,69,0,5,4.418190908474854,7
753,0,4.0,7,0,0,0,0,11,2,0,5,0,-1,0,0,0,2,0,0,0,0,-1,0,69,0,5,8.810991566151564,7
754,0,5.0,13,0,0,0,0,11,2,0,5,0,-1,0,0,0,2,0,0,0,0,-1,0,69,0,5,16.310283879211376,7
755,0,4.0,26,0,0,0,0,7,0,0,36,1,-1,0,0,0,2,0,0,0,0,-1,0,69,0,7,32.827757831218584,7
756,0,4.5,98,0,0,0,0,11,0,0,19,0,-1,0,0,0,2,0,0,0,0,-1,0,69,0,11,102.54198705671924,7
757,0,4.0,18,0,0,0,0,11,1,0,5,0,-1,0,0,0,2,0,0,0,0,-1,0,69,0,6,21.781122239261045,7
758,0,4.0,10,0,0,0,0,12,0,0,20,0,-1,0,0,0,2,0,0,0,0,-1,0,69,0,11,12.167908384442281,7
759,0,5.0,10,0,0,0,0,11,0,0,147,0,-1,0,0,0,2,0,0,0,0,-1,0,69,0,12,12.615236406911432,7
760,0,5.0,12,0,0,0,0,11,1,0,5,0,-1,0,0,0,2,0,0,0,0,-1,0,69,0,3,13.590699317204873,7
761,0,5.0,18,0,0,0,0,10,1,0,5,0,-1,0,0,0,2,0,0,0,0,-1,0,69,0,6,22.079155233947382,7
762,0,5.0,1,0,0,0,0,10,0,0,32,0,-1,0,0,0,2,0,0,0,0,-1,0,69,0,5,1.1372968264345615,7
763,0,5.0,16,0,0,0,0,9,1,0,5,0,-1,0,0,0,2,0,0,0,0,-1,0,69,0,6,17.219659100083568,8
764,0,4.0,7,0,0,0,0,7,1,0,242,0,-1,0,0,0,2,0,0,0,0,-1,0,69,0,8,8.320266757932702,8
765,0,5.0,1,0,0,0,1,7,1,0,45,1,-1,0,0,0,2,0,0,0,0,-1,0,69,0,12,1.116865175754637,8
766,0,4.5,73,0,0,0,0,11,0,0,5,0,-1,0,0,0,2,0,0,0,0,-1,0,69,0,1,92.58961235502315,8
767,0,-1.0,0,0,0,0,0,2,0,0,52,0,-1,0,0,0,2,0,0,0,0,-1,0,69,0,7,-1.0,8
768,0,4.5,42,0,0,0,2,9,0,0,45,0,-1,0,0,0,2,0,0,0,0,-1,0,69,0,6,46.62056344092841,8
769,0,4.5,102,0,0,0,0,11,0,0,5,0,-1,0,0,0,2,0,0,0,0,-1,0,69,0,1,109.72624397816817,8
770,0,5.0,139,0,0,0,1,11,0,0,30,0,-1,0,0,0,2,0,0,0,0,-1,0,69,0,4,169.5237096935878,8
771,0,5.0,15,0,0,0,0,5,6,0,11,0,-1,0,0,0,2,0,0,0,0,-1,0,69,0,7,18.149743037982912,8
772,0,5.0,5,0,0,0,0,8,6,0,12,0,-1,0,0,0,2,0,0,0,0,-1,0,69,0,8,5.069617614068012,8
773,0,4.5,22,0,0,0,0,11,1,0,3,1,-1,0,0,0,2,0,0,0,0,-1,0,69,0,17,25.90618622845903,8
774,0,-1.0,0,0,0,0,0,13,3,0,10,0,-1,0,0,0,2,0,0,0,0,-1,0,69,0,2,-1.0,8
775,0,4.0,6,0,0,0,0,12,1,0,5,0,-1,0,0,0,2,0,0,0,0,-1,0,69,0,6,7.221235186785648,8
776,0,4.0,29,0,0,0,0,11,0,0,43,0,-1,0,0,0,2,0,0,0,0,-1,0,69,0,1,33.08829397427768,8
777,0,4.5,15,0,0,0,0,11,0,0,5,0,-1,0,0,0,2,0,0,0,0,-1,0,69,0,6,15.56512172848677,8
778,0,-1.0,0,0,0,0,0,12,0,0,29,1,-1,0,0,0,2,0,0,0,0,-1,0,69,0,15,-1.0,8
779,0,4.5,11,0,0,0,0,5,0,0,22,0,-1,0,0,0,2,0,0,0,0,-1,0,69,0,1,14.083871487612427,8
780,0,4.5,17,0,0,0,0,11,2,0,79,0,-1,0,0,0,2,0,0,0,0,-1,0,69,0,6,20.372459196556758,8
781,0,4.5,37,0,0,0,0,9,0,0,82,1,-1,0,0,0,2,0,0,0,0,-1,0,69,0,10,40.64860145018255,8
782,0,5.0,31,0,0,0,0,13,0,0,89,0,-1,0,0,0,2,0,0,0,0,-1,0,69,0,8,37.68542724666492,8
783,0,4.5,23,0,0,0,0,11,0,0,113,0,-1,0,0,0,2,0,0,0,0,-1,0,69,0,5,24.95953897237687,8
784,0,4.0,4,0,0,0,2,11,0,0,52,0,-1,0,0,0,2,0,0,0,0,-1,0,69,0,14,4.895304932283048,8
785,0,5.0,19,0,0,0,0,8,1,0,7,0,-1,0,0,0,1,0,0,0,0,-1,0,69,0,11,24.025035794018933,8
786,0,5.0,1,0,0,0,0,5,1,0,5,0,-1,0,0,0,2,0,0,0,0,-1,0,69,0,4,1.2970982562453894,8
787,0,5.0,30,0,0,0,0,10,0,0,16,1,-1,0,0,0,2,0,0,0,0,-1,0,69,0,12,33.666628272844555,8
788,0,5.0,1,0,0,0,2,12,0,0,145,0,-1,0,0,0,2,0,0,0,0,-1,0,69,0,14,1.2615444037340648,8
789,0,4.5,15,0,0,0,0,8,2,0,5,0,-1,0,0,0,2,0,0,0,0,-1,0,69,0,5,16.403943904165647,8
790,0,5.0,34,0,0,0,0,10,6,0,32,0,-1,0,0,0,2,0,0,0,0,-1,0,69,0,4,34.72483052016615,8
791,0,4.5,14,0,0,0,0,10,0,0,5,0,-1,0,0,0,2,0,0,0,0,-1,0,69,0,2,14.284495787681545,8
792,0,4.5,11,0,0,0,0,10,0,0,184,1,-1,0,0,0,2,0,0,0,0,-1,0,69,0,9,11.525871894397746,8
793,0,4.5,20,0,0,0,0,10,1,0,5,0,-1,0,0,0,2,0,0,0,0,-1,0,69,0,6,20.801052818360336,8
794,0,5.0,5,0,0,0,0,6,0,0,361,0,-1,0,0,0,2,0,0,0,0,-1,0,69,0,7,5.926856585372345,8
795,0,4.5,12,0,0,0,0,12,1,0,26,0,-1,0,0,0,1,0,0,0,0,-1,0,69,0,16,13.9987887182119,8
796,0,5.0,1,0,0,0,0,11,0,0,32,0,-1,0,0,0,2,0,0,0,0,-1,0,69,0,4,1.2283451263600322,8
797,0,4.5,36,0,0,0,0,7,2,0,69,0,-1,0,0,0,2,0,0,0,0,-1,0,69,0,1,37.109172291125674,8
798,0,-1.0,0,0,0,0,0,10,2,0,92,0,-1,0,0,0,2,0,0,0,0,-1,0,69,0,4,-1.0,8
799,0,4.5,12,0,0,0,0,11,2,0,5,0,-1,0,0,0,2,0,0,0,0,-1,0,69,0,5,14.598866343021093,8
800,0,4.5,38,0,0,0,0,8,0,0,27,0,-1,0,0,0,2,0,0,0,0,-1,0,69,0,6,46.71591838674341,8
801,0,5.0,1,0,0,0,0,7,1,0,216,0,-1,0,0,0,2,0,0,0,0,-1,0,69,0,8,1.2540357191937508,8
802,0,5.0,6,0,0,0,0,10,1,0,5,0,-1,0,0,0,2,0,0,0,0,-1,0,69,0,6,7.536998010562302,8
803,0,4.5,47,0,0,0,0,11,0,0,5,0,-1,0,0,0,2,0,0,0,0,-1,0,69,0,3,47.048116713115924,8
804,0,5.0,8,0,0,0,0,9,0,0,5,0,-1,0,0,0,2,0,0,0,0,-1,0,69,0,6,8.043861081088096,8
805,0,5.0,42,0,0,0,1,7,1,0,23,1,-1,0,0,0,2,0,0,0,0,-1,0,69,0,9,54.291819658275514,8
806,0,4.0,22,0,0,0,0,9,0,0,5,0,-1,0,0,0,2,0,0,0,0,-1,0,69,0,6,27.79899673125296,8
807,0,5.0,7,0,0,0,2,7,0,0,57,0,-1,0,0,0,1,0,0,0,0,-1,0,69,0,14,7.642212794829644,8
808,0,4.0,34,0,0,0,1,6,0,0,82,0,-1,0,0,0,2,0,0,0,0,-1,0,69,0,4,35.451042358228456,8
809,0,4.5,34,0,0,0,0,11,0,0,65,0,-1,0,0,0,2,0,0,0,0,-1,0,69,0,2,34.70041378137532,8
810,0,4.5,53,0,0,0,0,12,0,0,69,0,-1,0,0,0,2,0,0,0,0,-1,0,69,0,5,64.42495291084686,8
811,0,3.0,2,0,0,0,1,13,0,0,42,0,-1,0,0,0,2,0,0,0,0,-1,0,69,0,11,2.5655172331759752,8
812,0,4.5,14,0,0,0,0,4,0,0,7,0,-1,0,0,0,2,0,0,0,0,-1,0,69,0,9,17.297088379154275,8
813,0,5.0,3,0,0,0,0,10,2,0,5,0,-1,0,0,0,2,0,0,0,0,-1,0,69,0,5,3.5751543908178807,8
814,0,4.5,109,0,0,0,0,11,0,0,5,0,-1,0,0,0,2,0,0,0,0,-1,0,69,0,6,133.57675803446307,8
815,0,5.0,6,0,0,0,1,11,1,0,36,0,-1,0,0,0,2,0,0,0,0,-1,0,69,0,16,6.137728079788863,8
816,0,5.0,3,0,0,0,1,8,0,0,11,0,-1,0,0,0,2,0,0,0,0,-1,0,69,0,8,3.559095025048671,8
817,0,4.5,11,0,0,0,0,11,0,0,5,0,-1,0,0,0,2,0,0,0,0,-1,0,69,0,2,12.342081243248906,8
818,0,5.0,16,0,0,0,0,11,0,0,5,0,-1,0,0,0,2,0,0,0,0,-1,0,69,0,6,16.85872438679354,8
819,0,4.0,8,0,0,0,0,13,0,0,100,1,-1,0,0,0,2,0,0,0,0,-1,0,69,0,12,9.24741603540768,8
820,0,3.5,3,0,0,0,1,13,1,0,26,0,-1,0,0,0,2,0,0,0,0,-1,0,69,0,17,3.055872349999132,8
821,0,5.0,2,0,0,0,0,5,1,0,118,0,-1,0,0,0,2,0,0,0,0,-1,0,69,0,14,2.5096247997597816,8
822,0,5.0,2,0,0,0,0,7,1,0,7,0,-1,0,0,0,2,0,0,0,0,-1,0,69,0,10,2.27686554557875,8
823,0,4.5,66,0,0,0,1,7,1,0,71,0,-1,0,0,0,2,0,0,0,0,-1,0,69,0,9,79.93920115316499,8
824,0,4.5,152,0,0,0,0,12,0,0,111,0,-1,0,0,0,2,0,0,0,0,-1,0,69,0,6,185.66833820275303,8
825,0,-1.0,0,0,0,0,0,4,0,0,344,0,-1,0,0,0,2,0,0,0,0,-1,0,69,0,12,-1.0,8
826,0,4.5,4,0,0,0,0,13,1,0,105,0,-1,0,0,0,2,0,0,0,0,-1,0,69,0,12,4.9333716197211315,8
827,0,4.5,28,0,0,0,0,11,0,0,5,0,-1,0,0,0,2,0,0,0,0,-1,0,69,0,3,34.12824482923948,8
828,0,4.5,35,0,0,0,0,13,1,0,27,0,-1,0,0,0,2,0,0,0,0,-1,0,69,0,16,37.66877152688587,8
829,0,-1.0,0,0,0,0,1,6,0,0,16,0,-1,0,0,0,2,0,0,0,0,-1,0,69,0,10,-1.0,8
830,0,3.0,78,0,0,0,0,9,0,0,88,0,-1,0,0,0,2,0,0,0,0,-1,0,69,0,1,86.2469714472114,8
831,0,5.0,4,0,0,0,0,11,0,0,34,0,-1,0,0,0,2,0,0,0,0,-1,0,69,0,2,5.15643486201622,8
832,0,4.0,18,0,0,0,0,11,1,0,5,0,-1,0,0,0,2,0,0,0,0,-1,0,69,0,6,19.958842538267945,8
833,0,5.0,16,0,0,0,0,12,0,0,36,0,-1,0,0,0,2,0,0,0,0,-1,0,69,0,5,18.417069042580252,8
834,0,4.5,19,0,0,0,0,8,0,0,44,0,-1,0,0,0,2,0,0,0,0,-1,0,69,0,13,20.417215167920535,8
835,0,3.5,28,0,0,0,0,11,0,0,113,0,-1,0,0,0,2,0,0,0,0,-1,0,69,0,5,33.80042478313524,8
836,0,4.5,55,0,0,0,0,11,2,0,5,0,-1,0,0,0,2,0,0,0,0,-1,0,69,0,5,68.41763667380356,8
837,0,-1.0,0,0,0,0,1,10,3,0,14,0,-1,0,0,0,2,0,0,0,0,-1,0,69,0,11,-1.0,8
838,0,4.0,92,0,0,0,0,9,0,0,10,0,-1,0,0,0,2,0,0,0,0,-1,0,69,0,6,99.06964376452852,8
839,0,4.0,71,0,0,0,0,11,0,0,80,0,-1,0,0,0,2,0,0,0,0,-1,0,69,0,6,77.89686751058679,8
840,0,4.5,90,0,0,0,0,9,0,0,70,0,-1,0,0,0,2,0,0,0,0,-1,0,69,0,8,113.58367332925893,8
841,0,4.5,34,0,0,0,0,8,2,0,5,0,-1,0,0,0,2,0,0,0,0,-1,0,69,0,5,36.62970862001901,8
842,0,4.5,76,0,0,0,0,11,0,0,5,0,-1,0,0,0,2,0,0,0,0,-1,0,69,0,1,77.5513169530345,8
843,0,4.5,4,0,0,0,0,10,2,0,1,0,-1,0,0,0,2,0,0,0,0,-1,0,69,0,5,5.032448918633501,8
844,0,5.0,1,0,0,0,0,10,2,0,23,0,-1,0,0,0,2,0,0,0,0,-1,0,69,0,5,1.1742673342779122,8
845,0,4.5,161,0,0,0,1,10,0,0,24,0,-1,0,0,0,2,0,0,0,0,-1,0,69,0,4,168.368472160336,8
846,0,5.0,10,0,0,0,1,13,0,0,128,0,-1,0,0,0,1,0,0,0,0,-1,0,69,0,12,12.726418565738843,8
847,0,5.0,18,0,0,0,0,11,1,0,5,0,-1,0,0,0,2,0,0,0,0,-1,0,69,0,6,20.044623495075307,8
848,0,4.0,20,0,0,0,0,10,0,0,5,0,-1,0,0,0,2,0,0,0,0,-1,0,69,0,6,25.77600067889378,8
849,0,5.0,7,0,0,0,0,9,0,0,43,0,-1,0,0,0,2,0,0,0,0,-1,0,69,0,8,8.788727227076324,8
850,0,3.5,139,0,0,0,0,13,1,0,237,0,-1,0,0,0,2,0,0,0,0,-1,0,69,0,6,179.01504774459573,8
851,0,4.5,39,0,0,0,0,11,0,0,5,0,-1,0,0,0,2,0,0,0,0,-1,0,69,0,3,47.7351383787649,8
852,0,4.0,69,0,0,0,0,10,0,0,5,0,-1,0,0,0,2,0,0,0,0,-1,0,69,0,5,88.89591057919893,8
853,0,4.0,8,0,0,0,0,10,1,0,5,0,-1,0,0,0,2,0,0,0,0,-1,0,69,0,6,9.679664994138019,8
854,0,-1.0,0,0,0,0,0,10,0,0,121,0,-1,0,0,0,2,0,0,0,0,-1,0,69,0,13,-1.0,8
855,0,-1.0,0,0,0,0,1,5,0,0,6,0,-1,0,0,0,2,0,0,0,0,-1,0,69,0,1,-1.0,8
856,0,5.0,21,0,0,0,0,11,1,0,5,0,-1,0,0,0,2,0,0,0,0,-1,0,69,0,6,22.10961780095522,8
857,0,-1.0,0,0,0,0,1,11,3,0,323,0,-1,0,0,0,2,0,0,0,0,-1,0,69,0,12,-1.0,8
858,0,3.5,31,0,0,0,0,6,0,0,85,0,-1,0,0,0,2,0,0,0,0,-1,0,69,0,1,39.146196149361856,9
859,0,2.5,53,0,0,0,0,3,0,0,100,0,-1,0,0,0,2,0,0,0,0,-1,0,69,0,4,61.8537090357145,9
860,0,4.5,2,0,0,0,0,12,0,0,37,0,-1,0,0,0,2,0,0,0,0,-1,0,69,0,5,2.002873283268885,9
861,0,4.5,38,0,0,0,0,11,1,0,5,0,-1,0,0,0,2,0,0,0,0,-1,0,69,0,6,41.85444911466658,9
862,0,5.0,66,0,0,0,0,10,0,0,95,0,-1,0,0,0,2,0,0,0,0,-1,0,69,0,4,82.56461707563477,9
863,0,5.0,49,0,0,0,0,7,1,0,61,0,-1,0,0,0,2,0,0,0,0,-1,0,69,0,12,57.262859072119134,9
864,0,4.5,39,0,0,0,0,12,1,0,82,1,-1,0,0,0,2,0,0,0,0,-1,0,69,0,14,46.30026419497246,9
865,0,4.5,5,0,0,0,0,10,2,0,5,0,-1,0,0,0,2,0,0,0,0,-1,0,69,0,5,5.112637197448855,9
866,0,5.0,9,0,0,0,0,11,0,0,32,0,-1,0,0,0,2,0,0,0,0,-1,0,69,0,2,9.906280570215536,9
867,0,5.0,39,0,0,0,0,4,1,0,5,0,-1,0,0,0,2,0,0,0,0,-1,0,69,0,8,40.00369526710937,9
868,0,5.0,23,0,0,0,0,4,0,0,121,1,-1,0,0,0,2,0,0,0,0,-1,0,69,0,10,28.667778536317417,9
869,0,4.5,21,0,0,0,0,10,0,0,5,0,-1,0,0,0,2,0,0,0,0,-1,0,69,0,6,22.449404540143252,9
870,0,5.0,11,0,0,0,2,10,0,0,54,0,-1,0,0,0,2,0,0,0,0,-1,0,69,0,8,14.006803795580401,9
871,0,-1.0,0,0,0,0,0,10,0,0,30,0,-1,0,0,0,2,0,0,0,0,-1,0,69,0,6,-1.0,9
872,0,4.5,9,0,0,0,0,10,0,0,5,0,-1,0,0,0,2,0,0,0,0,-1,0,69,0,6,9.871313687237476,9
873,0,4.5,26,0,0,0,0,11,1,0,5,0,-1,0,0,0,2,0,0,0,0,-1,0,69,0,6,26.438505132437108,9
874,0,1.0,1,0,0,0,0,9,0,0,5,0,-1,0,0,0,2,0,0,0,0,-1,0,69,0,6,1.2841296194626053,9
875,0,4.5,6,0,0,0,2,9,1,0,71,0,-1,0,0,0,2,0,0,0,0,-1,0,69,0,13,6.482461518129618,9
876,0,4.5,14,0,0,0,2,10,0,0,71,0,-1,0,0,0,2,0,0,0,0,-1,0,69,0,7,14.176871059217923,9
877,0,-1.0,0,0,0,0,0,11,0,0,50,0,-1,0,0,0,2,0,0,0,0,-1,0,69,0,8,-1.0,9
878,0,5.0,2,0,0,0,0,10,0,0,5,0,-1,0,0,0,2,0,0,0,0,-1,0,69,0,6,2.0861190734964454,9
879,0,4.5,113,0,0,0,0,11,0,0,42,0,-1,0,0,0,2,0,0,0,0,-1,0,69,0,11,128.62119217758067,9
880,0,5.0,1,0,0,0,0,5,1,0,79,0,-1,0,0,0,2,0,0,0,0,-1,0,69,0,4,1.1091424757317954,9
881,0,4.5,70,0,0,0,0,11,0,0,5,0,-1,0,0,0,2,0,0,0,0,-1,0,69,0,3,86.62369550899221,9
882,0,3.5,3,0,0,0,0,9,0,0,42,1,-1,0,0,0,2,0,0,0,0,-1,0,69,0,11,3.339470459725213,9
883,0,5.0,17,0,0,0,2,7,1,0,53,0,-1,0,0,0,2,0,0,0,0,-1,0,69,0,10,17.39667164382409,9
884,0,4.5,78,0,0,0,0,5,1,0,5,0,-1,0,0,0,2,0,0,0,0,-1,0,69,0,8,96.43445876161059,9
885,0,5.0,12,0,0,0,0,9,0,0,84,0,-1,0,0,0,2,0,0,0,0,-1,0,69,0,6,12.37728230354433,9
886,0,4.5,17,0,0,0,0,9,1,0,5,0,-1,0,0,0,2,0,0,0,0,-1,0,69,0,6,21.815493294717587,9
887,0,4.0,18,0,0,0,0,11,0,0,5,0,-1,0,0,0,2,0,0,0,0,-1,0,69,0,6,22.958125457606926,9
888,0,5.0,10,0,0,0,0,13,0,0,47,0,-1,0,0,0,2,0,0,0,0,-1,0,69,0,10,12.425338142336175,9
889,0,5.0,20,0,0,0,0,13,1,0,7,0,-1,0,0,0,2,0,0,0,0,-1,0,69,0,9,21.72549045574813,9
890,0,4.0,27,0,0,0,0,7,0,0,25,0,-1,0,0,0,2,0,0,0,0,-1,0,69,0,6,33.850025250290834,9
891,0,5.0,33,0,0,0,1,8,0,0,94,0,-1,0,0,0,2,0,0,0,0,-1,0,69,0,9,36.90414772605651,9
892,0,4.0,111,0,0,0,0,11,1,0,5,0,-1,0,0,0,2,0,0,0,0,-1,0,69,0,2,138.2765229729233,9
893,0,4.5,22,0,0,0,0,11,0,0,5,0,-1,0,0,0,2,0,0,0,0,-1,0,69,0,3,22.218986239170537,9
894,0,4.5,9,0,0,0,0,7,1,0,5,0,-1,0,0,0,2,0,0,0,0,-1,0,69,0,5,11.581059023482933,9
895,0,5.0,12,0,0,0,0,11,4,0,22,0,-1,0,0,0,1,0,0,0,0,-1,0,69,0,12,14.612945635020967,9
896,0,4.0,4,0,0,0,0,9,0,0,16,0,-1,0,0,0,2,0,0,0,0,-1,0,69,0,10,4.279605196791942,9
897,0,3.5,5,0,0,0,1,13,0,0,112,0,-1,0,0,0,2,0,0,0,0,-1,0,69,0,11,6.494505180788124,9
898,0,4.0,5,0,0,0,0,4,0,0,94,0,-1,0,0,0,1,0,0,0,0,-1,0,69,0,8,6.0585836819558425,9
899,0,4.0,38,0,0,0,0,10,0,0,176,0,-1,0,0,0,2,0,0,0,0,-1,0,69,0,7,46.87790193127232,9
900,0,4.5,3,0,0,0,0,8,0,0,37,0,-1,0,0,0,2,0,0,0,0,-1,0,69,0,4,3.0875309905598654,9
901,0,5.0,46,0,0,0,1,8,1,0,105,0,-1,0,0,0,2,0,0,0,0,-1,0,69,0,12,59.02569217810634,9
902,0,4.5,14,0,0,0,0,10,1,0,14,1,-1,0,0,0,2,0,0,0,0,-1,0,69,0,9,16.703761655956935,9
903,0,4.5,113,0,0,0,0,10,0,0,5,0,-1,0,0,0,2,0,0,0,0,-1,0,69,0,4,123.19878316904651,9
904,0,5.0,23,0,0,0,0,4,1,0,42,0,-1,0,0,0,2,0,0,0,0,-1,0,69,0,11,27.56152477851949,9
905,0,4.0,70,0,0,0,0,11,0,0,10,0,-1,0,0,0,2,0,0,0,0,-1,0,69,0,6,76.89668718497191,9
906,0,4.5,6,0,0,0,0,10,0,0,1,0,-1,0,0,0,2,0,0,0,0,-1,0,69,0,1,7.04948314967082,9
907,0,4.5,35,0,0,0,0,11,0,0,176,0,-1,0,0,0,2,0,0,0,0,-1,0,69,0,6,39.3801568912695,9
908,0,4.5,63,0,0,0,0,11,0,0,5,0,-1,0,0,0,2,0,0,0,0,-1,0,69,0,1,67.76854684431694,9
909,0,4.5,12,0,0,0,0,7,0,0,73,0,-1,0,0,0,2,0,0,0,0,-1,0,69,0,4,15.230871390170616,9
910,0,5.0,4,0,0,0,0,7,0,0,49,0,-1,0,0,0,2,0,0,0,0,-1,0,69,0,5,4.844521063562304,9
911,0,-1.0,0,0,0,0,0,11,0,0,50,0,-1,0,0,0,2,0,0,0,0,-1,0,69,0,7,-1.0,9
912,0,4.5,46,0,0,0,1,6,0,0,93,0,-1,0,0,0,2,0,0,0,0,-1,0,69,0,8,48.40458284728383,9
913,0,4.0,38,0,0,0,0,13,0,0,64,0,-1,0,0,0,2,0,0,0,0,-1,0,69,0,5,43.56668008828105,9
914,0,5.0,18,0,0,0,0,10,2,0,56,1,-1,0,0,0,2,0,0,0,0,-1,0,69,0,9,19.19802523434125,9
915,0,4.5,7,0,0,0,0,10,0,0,108,0,-1,0,0,0,2,0,0,0,0,-1,0,69,0,6,8.231410936655605,9
916,0,-1.0,0,0,0,0,0,4,1,0,31,0,-1,0,0,0,2,0,0,0,0,-1,0,69,0,16,-1.0,9
917,0,4.0,181,0,0,0,0,11,0,0,147,0,-1,0,0,0,2,0,0,0,0,-1,0,69,0,9,182.24611371703563,9
918,0,4.0,105,0,0,0,0,11,1,0,109,0,-1,0,0,0,2,0,0,0,0,-1,0,69,0,12,110.18137135195458,9
919,0,1.0,1,0,0,0,1,3,1,0,6,0,-1,0,0,0,2,0,0,0,0,-1,0,69,0,1,1.018803721866498,9
920,0,4.5,60,0,0,0,0,5,1,0,5,0,-1,0,0,0,2,0,0,0,0,-1,0,69,0,8,60.9016834541681,9
921,0,4.5,78,0,0,0,0,9,0,0,61,0,-1,0,0,0,2,0,0,0,0,-1,0,69,0,5,100.56987990903774,9
922,0,-1.0,0,0,0,0,0,6,0,0,98,0,-1,0,0,0,2,0,0,0,0,-1,0,69,0,4,-1.0,9
923,0,4.5,11,0,0,0,0,13,2,0,5,0,-1,0,0,0,2,0,0,0,0,-1,0,69,0,5,13.549732600967031,9
924,0,5.0,2,0,0,0,0,13,2,0,30,0,-1,0,0,0,2,0,0,0,0,-1,0,69,0,12,2.253600409992352,9
925,0,4.0,32,0,0,0,0,13,0,0,112,0,-1,0,0,0,2,0,0,0,0,-1,0,69,0,5,32.090002546089,9
926,0,5.0,20,0,0,0,0,9,0,0,73,0,-1,0,0,0,2,0,0,0,0,-1,0,69,0,14,23.4262315105709,9
927,0,4.5,10,0,0,0,0,11,2,0,1,0,-1,0,0,0,2,0,0,0,0,-1,0,69,0,5,11.504928427641556,9
928,0,4.5,79,0,0,0,0,11,1,0,5,0,-1,0,0,0,2,0,0,0,0,-1,0,69,0,2,86.41973764412587,9
929,0,4.5,11,0,0,0,0,7,1,0,7,0,-1,0,0,0,2,0,0,0,0,-1,0,69,0,11,11.774096149939567,9
930,0,4.0,51,0,0,0,0,10,6,0,5,0,-1,0,0,0,2,0,0,0,0,-1,0,69,0,2,59.6831851975271,9
931,0,5.0,16,0,0,0,2,9,0,0,65,0,-1,0,0,0,2,0,0,0,0,-1,0,69,0,7,16.776662269882088,9
932,0,4.5,42,0,0,0,0,9,2,0,9,1,-1,0,0,0,2,0,0,0,0,-1,0,69,0,3,45.645662326613156,9
933,0,-1.0,0,0,0,0,1,13,1,0,1,1,-1,0,0,0,2,0,0,0,0,-1,0,69,0,14,-1.0,9
934,0,4.0,14,0,0,0,0,11,0,0,5,0,-1,0,0,0,2,0,0,0,0,-1,0,69,0,3,14.711748933076507,9
935,0,4.5,82,0,0,0,0,13,1,0,58,0,-1,0,0,0,2,0,0,0,0,-1,0,69,0,7,92.07593087304686,9
936,0,5.0,4,0,0,0,0,7,0,0,5,0,-1,0,0,0,2,0,0,0,0,-1,0,69,0,11,4.866754794331545,9
937,0,4.5,60,0,0,0,0,11,0,0,5,0,-1,0,0,0,2,0,0,0,0,-1,0,69,0,3,73.18468855924941,9
938,0,4.5,38,0,0,0,0,11,2,0,5,0,-1,0,0,0,2,0,0,0,0,-1,0,69,0,2,42.50454737691259,9
939,0,5.0,2,0,0,0,0,11,0,0,107,0,-1,0,0,0,2,0,0,0,0,-1,0,69,0,6,2.346599770848155,9
940,0,4.0,54,0,0,0,0,11,1,0,5,0,-1,0,0,0,2,0,0,0,0,-1,0,69,0,2,56.30389875251,9
941,0,2.5,8,0,0,0,0,8,0,0,55,1,-1,0,0,0,2,0,0,0,0,-1,0,69,0,13,8.199213805806522,9
942,0,4.5,31,0,0,0,0,5,0,0,5,0,-1,0,0,0,2,0,0,0,0,-1,0,69,0,4,32.85080292790449,9
943,0,4.5,105,0,0,0,2,13,0,0,259,0,-1,0,0,0,2,0,0,0,0,-1,0,69,0,7,133.82414784506426,9
944,0,5.0,7,0,0,0,1,13,1,0,91,0,-1,0,0,0,2,0,0,0,0,-1,0,69,0,14,7.669855712752347,9
945,0,3.5,3,0,0,0,0,11,0,0,64,1,-1,0,0,0,2,0,0,0,0,-1,0,69,0,14,3.6964744528344595,9
946,0,4.5,2,0,0,0,0,11,0,0,17,0,-1,0,0,0,2,0,0,0,0,-1,0,69,0,5,2.28143542468996,9
947,0,5.0,30,0,0,0,0,9,0,0,5,0,-1,0,0,0,2,0,0,0,0,-1,0,69,0,6,33.28793035602875,9
948,0,4.5,10,0,0,0,1,8,1,0,45,0,-1,0,0,0,2,0,0,0,0,-1,0,69,0,13,12.01578602801824,9
949,0,4.5,29,0,0,0,0,11,1,0,5,0,-1,0,0,0,2,0,0,0,0,-1,0,69,0,6,31.802777002046824,9
950,0,-1.0,0,0,0,0,0,7,1,0,63,0,-1,0,0,0,2,0,0,0,0,-1,0,69,0,4,-1.0,9
951,0,5.0,4,0,0,0,0,7,2,0,5,0,-1,0,0,0,2,0,0,0,0,-1,0,69,0,5,4.196284689191013,9
952,0,4.5,14,0,0,0,0,9,1,0,5,0,-1,0,0,0,2,0,0,0,0,-1,0,69,0,6,16.826652686972192,9
